item_id,price,volume,timestamp
2,195,,2015-03-06 00:00:00
2,196,,2015-03-07 00:00:00
2,194,,2015-03-08 00:00:00
2,189,,2015-03-09 00:00:00
2,184,,2015-03-10 00:00:00
2,181,,2015-03-11 00:00:00
2,180,,2015-03-12 00:00:00
2,186,,2015-03-13 00:00:00
2,191,,2015-03-14 00:00:00
2,193,,2015-03-15 00:00:00
2,192,,2015-03-16 00:00:00
2,191,,2015-03-17 00:00:00
2,188,,2015-03-18 00:00:00
2,186,,2015-03-19 00:00:00
2,185,,2015-03-20 00:00:00
2,187,,2015-03-21 00:00:00
2,191,,2015-03-22 00:00:00
2,192,,2015-03-23 00:00:00
2,189,,2015-03-24 00:00:00
2,187,,2015-03-25 00:00:00
2,186,,2015-03-26 00:00:00
2,185,,2015-03-27 00:00:00
2,184,,2015-03-28 00:00:00
2,184,,2015-03-29 00:00:00
2,182,,2015-03-30 00:00:00
2,177,,2015-03-31 00:00:00
2,176,,2015-04-01 00:00:00
2,177,,2015-04-02 00:00:00
2,179,,2015-04-03 00:00:00
2,180,,2015-04-04 00:00:00
2,181,,2015-04-05 00:00:00
2,182,,2015-04-06 00:00:00
2,181,,2015-04-07 00:00:00
2,180,,2015-04-08 00:00:00
2,179,,2015-04-09 00:00:00
2,178,,2015-04-10 00:00:00
2,178,,2015-04-11 00:00:00
2,178,,2015-04-12 00:00:00
2,177,,2015-04-13 00:00:00
2,177,,2015-04-14 00:00:00
2,176,,2015-04-15 00:00:00
2,175,,2015-04-16 00:00:00
2,175,,2015-04-17 00:00:00
2,175,,2015-04-18 00:00:00
2,177,,2015-04-19 00:00:00
2,177,,2015-04-20 00:00:00
2,178,,2015-04-21 00:00:00
2,180,,2015-04-22 00:00:00
2,181,,2015-04-23 00:00:00
2,183,,2015-04-24 00:00:00
2,186,,2015-04-25 00:00:00
2,187,,2015-04-26 00:00:00
2,186,,2015-04-27 00:00:00
2,185,,2015-04-28 00:00:00
2,185,,2015-04-29 00:00:00
2,184,,2015-04-30 00:00:00
2,183,,2015-05-01 00:00:00
2,183,,2015-05-02 00:00:00
2,184,,2015-05-03 00:00:00
2,184,,2015-05-04 00:00:00
2,182,,2015-05-05 00:00:00
2,179,,2015-05-06 00:00:00
2,176,,2015-05-07 00:00:00
2,178,,2015-05-08 00:00:00
2,181,,2015-05-09 00:00:00
2,181,,2015-05-10 00:00:00
2,179,,2015-05-11 00:00:00
2,178,,2015-05-12 00:00:00
2,179,,2015-05-13 00:00:00
2,181,,2015-05-14 00:00:00
2,185,,2015-05-15 00:00:00
2,190,,2015-05-16 00:00:00
2,194,,2015-05-17 00:00:00
2,198,,2015-05-18 00:00:00
2,202,,2015-05-19 00:00:00
2,207,,2015-05-20 00:00:00
2,212,,2015-05-21 00:00:00
2,218,,2015-05-22 00:00:00
2,218,,2015-05-23 00:00:00
2,216,,2015-05-24 00:00:00
2,211,,2015-05-25 00:00:00
2,204,,2015-05-26 00:00:00
2,197,,2015-05-27 00:00:00
2,196,,2015-05-28 00:00:00
2,202,,2015-05-29 00:00:00
2,209,,2015-05-30 00:00:00
2,213,,2015-05-31 00:00:00
2,211,,2015-06-01 00:00:00
2,208,,2015-06-02 00:00:00
2,207,,2015-06-03 00:00:00
2,207,,2015-06-04 00:00:00
2,213,,2015-06-05 00:00:00
2,223,,2015-06-06 00:00:00
2,235,,2015-06-07 00:00:00
2,242,,2015-06-08 00:00:00
2,243,,2015-06-09 00:00:00
2,241,,2015-06-10 00:00:00
2,234,,2015-06-11 00:00:00
2,230,,2015-06-12 00:00:00
2,232,,2015-06-13 00:00:00
2,232,,2015-06-14 00:00:00
2,226,,2015-06-15 00:00:00
2,219,,2015-06-16 00:00:00
2,214,,2015-06-17 00:00:00
2,211,,2015-06-18 00:00:00
2,210,,2015-06-19 00:00:00
2,212,,2015-06-20 00:00:00
2,212,,2015-06-21 00:00:00
2,209,,2015-06-22 00:00:00
2,205,,2015-06-23 00:00:00
2,203,,2015-06-24 00:00:00
2,201,,2015-06-25 00:00:00
2,200,,2015-06-26 00:00:00
2,204,,2015-06-27 00:00:00
2,209,,2015-06-28 00:00:00
2,209,,2015-06-29 00:00:00
2,209,,2015-06-30 00:00:00
2,211,,2015-07-01 00:00:00
2,216,,2015-07-02 00:00:00
2,218,,2015-07-03 00:00:00
2,221,,2015-07-04 00:00:00
2,221,,2015-07-05 00:00:00
2,220,,2015-07-06 00:00:00
2,219,,2015-07-07 00:00:00
2,215,,2015-07-08 00:00:00
2,210,,2015-07-09 00:00:00
2,205,,2015-07-10 00:00:00
2,201,,2015-07-11 00:00:00
2,198,,2015-07-12 00:00:00
2,192,,2015-07-13 00:00:00
2,188,,2015-07-14 00:00:00
2,186,,2015-07-15 00:00:00
2,189,,2015-07-16 00:00:00
2,191,,2015-07-17 00:00:00
2,191,,2015-07-18 00:00:00
2,193,,2015-07-19 00:00:00
2,191,,2015-07-20 00:00:00
2,189,,2015-07-21 00:00:00
2,191,,2015-07-22 00:00:00
2,191,,2015-07-23 00:00:00
2,190,,2015-07-24 00:00:00
2,192,,2015-07-25 00:00:00
2,193,,2015-07-26 00:00:00
2,194,,2015-07-27 00:00:00
2,192,,2015-07-28 00:00:00
2,193,,2015-07-29 00:00:00
2,199,,2015-07-30 00:00:00
2,207,,2015-07-31 00:00:00
2,210,,2015-08-01 00:00:00
2,215,,2015-08-02 00:00:00
2,218,,2015-08-03 00:00:00
2,216,,2015-08-04 00:00:00
2,216,,2015-08-05 00:00:00
2,216,,2015-08-06 00:00:00
2,223,,2015-08-07 00:00:00
2,226,,2015-08-08 00:00:00
2,226,,2015-08-09 00:00:00
2,223,,2015-08-10 00:00:00
2,219,,2015-08-11 00:00:00
2,213,,2015-08-12 00:00:00
2,205,,2015-08-13 00:00:00
2,199,,2015-08-14 00:00:00
2,193,,2015-08-15 00:00:00
2,190,,2015-08-16 00:00:00
2,189,,2015-08-17 00:00:00
2,189,,2015-08-18 00:00:00
2,195,,2015-08-19 00:00:00
2,200,,2015-08-20 00:00:00
2,208,,2015-08-21 00:00:00
2,215,,2015-08-22 00:00:00
2,221,,2015-08-23 00:00:00
2,224,,2015-08-24 00:00:00
2,233,,2015-08-25 00:00:00
2,242,,2015-08-26 00:00:00
2,250,,2015-08-27 00:00:00
2,248,,2015-08-28 00:00:00
2,242,,2015-08-29 00:00:00
2,236,,2015-08-30 00:00:00
2,229,,2015-08-31 00:00:00
2,228,,2015-09-23 00:00:00
2,236,,2015-09-24 00:00:00
2,244,,2015-09-25 00:00:00
2,248,,2015-09-26 00:00:00
2,234,,2015-09-28 00:00:00
2,231,,2015-09-29 00:00:00
2,232,,2015-09-30 00:00:00
2,238,,2015-10-01 00:00:00
2,236,,2015-10-06 00:00:00
2,231,,2015-10-07 00:00:00
2,227,,2015-10-08 00:00:00
2,228,,2015-10-09 00:00:00
2,224,,2015-10-10 00:00:00
2,223,,2015-10-11 00:00:00
2,220,,2015-10-12 00:00:00
2,216,,2015-10-13 00:00:00
2,217,,2015-10-14 00:00:00
2,217,,2015-10-15 00:00:00
2,220,,2015-10-16 00:00:00
2,221,,2015-10-17 00:00:00
2,222,,2015-10-18 00:00:00
2,223,,2015-10-19 00:00:00
2,224,,2015-10-20 00:00:00
2,228,,2015-10-21 00:00:00
2,240,,2015-10-23 00:00:00
2,239,,2015-10-24 00:00:00
2,237,,2015-10-25 00:00:00
2,235,,2015-10-26 00:00:00
2,235,,2015-10-27 00:00:00
2,238,,2015-10-28 00:00:00
2,245,,2015-10-30 00:00:00
2,251,,2015-10-31 00:00:00
2,252,,2015-11-01 00:00:00
2,253,,2015-11-02 00:00:00
2,247,,2015-11-03 00:00:00
2,243,,2015-11-04 00:00:00
2,241,,2015-11-05 00:00:00
2,245,,2015-11-06 00:00:00
2,248,,2015-11-07 00:00:00
2,246,,2015-11-08 00:00:00
2,245,,2015-11-09 00:00:00
2,248,,2015-11-10 00:00:00
2,252,,2015-11-11 00:00:00
2,258,,2015-11-12 00:00:00
2,261,,2015-11-13 00:00:00
2,256,,2015-11-14 00:00:00
2,250,,2015-11-15 00:00:00
2,244,,2015-11-16 00:00:00
2,240,,2015-11-17 00:00:00
2,239,,2015-11-18 00:00:00
2,239,,2015-11-19 00:00:00
2,243,,2015-11-20 00:00:00
2,240,,2015-11-21 00:00:00
2,239,,2015-11-22 00:00:00
2,238,,2015-11-23 00:00:00
2,237,,2015-11-24 00:00:00
2,239,,2015-11-25 00:00:00
2,242,,2015-11-26 00:00:00
2,246,,2015-11-27 00:00:00
2,250,,2015-11-28 00:00:00
2,247,,2015-11-29 00:00:00
2,244,,2015-11-30 00:00:00
2,243,,2015-12-01 00:00:00
2,242,,2015-12-02 00:00:00
2,243,,2015-12-03 00:00:00
2,247,,2015-12-04 00:00:00
2,245,,2015-12-05 00:00:00
2,242,,2015-12-06 00:00:00
2,243,,2015-12-07 00:00:00
2,241,,2015-12-08 00:00:00
2,240,,2015-12-09 00:00:00
2,242,,2015-12-10 00:00:00
2,247,,2015-12-11 00:00:00
2,249,,2015-12-12 00:00:00
2,245,,2015-12-13 00:00:00
2,245,,2015-12-14 00:00:00
2,246,,2015-12-15 00:00:00
2,245,,2015-12-16 00:00:00
2,247,,2015-12-17 00:00:00
2,249,,2015-12-18 00:00:00
2,245,,2015-12-19 00:00:00
2,241,,2015-12-20 00:00:00
2,238,,2015-12-21 00:00:00
2,235,,2015-12-22 00:00:00
2,234,,2015-12-23 00:00:00
2,230,,2015-12-24 00:00:00
2,226,,2015-12-25 00:00:00
2,221,,2015-12-26 00:00:00
2,217,,2015-12-27 00:00:00
2,217,,2015-12-28 00:00:00
2,220,,2015-12-29 00:00:00
2,219,,2015-12-30 00:00:00
2,218,,2015-12-31 00:00:00
2,216,,2016-01-01 00:00:00
2,212,,2016-01-02 00:00:00
2,208,,2016-01-03 00:00:00
2,208,,2016-01-04 00:00:00
2,211,,2016-01-05 00:00:00
2,215,,2016-01-06 00:00:00
2,223,,2016-01-07 00:00:00
2,233,,2016-01-08 00:00:00
2,238,,2016-01-09 00:00:00
2,238,,2016-01-10 00:00:00
2,233,,2016-01-11 00:00:00
2,229,,2016-01-12 00:00:00
2,230,,2016-01-13 00:00:00
2,237,,2016-01-14 00:00:00
2,241,,2016-01-15 00:00:00
2,236,,2016-01-16 00:00:00
2,230,,2016-01-17 00:00:00
2,225,,2016-01-18 00:00:00
2,223,,2016-01-19 00:00:00
2,223,,2016-01-20 00:00:00
2,229,,2016-01-21 00:00:00
2,241,,2016-01-22 00:00:00
2,251,,2016-01-23 00:00:00
2,250,,2016-01-24 00:00:00
2,245,,2016-01-25 00:00:00
2,243,,2016-01-26 00:00:00
2,242,,2016-01-27 00:00:00
2,243,,2016-01-28 00:00:00
2,247,,2016-01-29 00:00:00
2,247,,2016-01-30 00:00:00
2,246,,2016-01-31 00:00:00
2,242,,2016-02-01 00:00:00
2,237,,2016-02-02 00:00:00
2,233,,2016-02-03 00:00:00
2,236,,2016-02-04 00:00:00
2,245,,2016-02-05 00:00:00
2,249,,2016-02-06 00:00:00
2,252,,2016-02-07 00:00:00
2,262,,2016-02-08 00:00:00
2,261,,2016-02-09 00:00:00
2,271,,2016-02-10 00:00:00
2,284,,2016-02-11 00:00:00
2,293,,2016-02-12 00:00:00
2,293,,2016-02-13 00:00:00
2,285,,2016-02-14 00:00:00
2,281,,2016-02-15 00:00:00
2,273,,2016-02-16 00:00:00
2,270,,2016-02-17 00:00:00
2,263,,2016-02-18 00:00:00
2,255,,2016-02-19 00:00:00
2,246,,2016-02-20 00:00:00
2,236,,2016-02-21 00:00:00
2,232,,2016-02-22 00:00:00
2,235,,2016-02-23 00:00:00
2,236,,2016-02-24 00:00:00
2,244,,2016-02-25 00:00:00
2,251,,2016-02-26 00:00:00
2,249,,2016-02-27 00:00:00
2,250,,2016-02-28 00:00:00
2,250,,2016-02-29 00:00:00
2,257,,2016-03-01 00:00:00
2,270,,2016-03-02 00:00:00
2,283,,2016-03-03 00:00:00
2,297,,2016-03-04 00:00:00
2,306,,2016-03-05 00:00:00
2,303,,2016-03-06 00:00:00
2,297,,2016-03-07 00:00:00
2,292,,2016-03-08 00:00:00
2,288,,2016-03-09 00:00:00
2,284,,2016-03-10 00:00:00
2,288,,2016-03-11 00:00:00
2,289,,2016-03-12 00:00:00
2,282,,2016-03-13 00:00:00
2,269,,2016-03-14 00:00:00
2,258,,2016-03-15 00:00:00
2,259,,2016-03-16 00:00:00
2,262,,2016-03-17 00:00:00
2,270,,2016-03-18 00:00:00
2,267,,2016-03-19 00:00:00
2,260,,2016-03-20 00:00:00
2,255,,2016-03-21 00:00:00
2,256,,2016-03-22 00:00:00
2,258,,2016-03-23 00:00:00
2,261,,2016-03-24 00:00:00
2,273,,2016-03-25 00:00:00
2,281,,2016-03-26 00:00:00
2,272,,2016-03-27 00:00:00
2,267,,2016-03-28 00:00:00
2,263,,2016-03-29 00:00:00
2,268,,2016-03-30 00:00:00
2,270,,2016-03-31 00:00:00
2,274,,2016-04-01 00:00:00
2,272,,2016-04-02 00:00:00
2,267,,2016-04-03 00:00:00
2,264,,2016-04-04 00:00:00
2,269,,2016-04-05 00:00:00
2,270,,2016-04-06 00:00:00
2,270,,2016-04-07 00:00:00
2,276,,2016-04-08 00:00:00
2,273,,2016-04-09 00:00:00
2,269,,2016-04-10 00:00:00
2,264,,2016-04-11 00:00:00
2,263,,2016-04-12 00:00:00
2,260,,2016-04-13 00:00:00
2,261,,2016-04-14 00:00:00
2,264,,2016-04-15 00:00:00
2,264,,2016-04-16 00:00:00
2,262,,2016-04-17 00:00:00
2,261,,2016-04-18 00:00:00
2,260,,2016-04-19 00:00:00
2,261,,2016-04-20 00:00:00
2,258,,2016-04-21 00:00:00
2,258,,2016-04-22 00:00:00
2,256,,2016-04-23 00:00:00
2,254,,2016-04-24 00:00:00
2,252,,2016-04-25 00:00:00
2,254,,2016-04-26 00:00:00
2,255,,2016-04-27 00:00:00
2,259,,2016-04-28 00:00:00
2,263,,2016-04-29 00:00:00
2,268,,2016-04-30 00:00:00
2,268,,2016-05-01 00:00:00
2,268,,2016-05-02 00:00:00
2,265,,2016-05-03 00:00:00
2,264,,2016-05-04 00:00:00
2,262,,2016-05-05 00:00:00
2,267,,2016-05-06 00:00:00
2,268,,2016-05-07 00:00:00
2,267,,2016-05-08 00:00:00
2,264,,2016-05-09 00:00:00
2,261,,2016-05-10 00:00:00
2,255,,2016-05-11 00:00:00
2,251,,2016-05-12 00:00:00
2,249,,2016-05-13 00:00:00
2,245,,2016-05-14 00:00:00
2,243,,2016-05-15 00:00:00
2,241,,2016-05-16 00:00:00
2,240,,2016-05-17 00:00:00
2,242,,2016-05-18 00:00:00
2,247,,2016-05-19 00:00:00
2,252,,2016-05-20 00:00:00
2,245,,2016-05-23 00:00:00
2,242,,2016-05-24 00:00:00
2,239,,2016-05-25 00:00:00
2,240,,2016-05-26 00:00:00
2,244,,2016-05-27 00:00:00
2,246,,2016-05-28 00:00:00
2,246,,2016-05-29 00:00:00
2,245,,2016-05-30 00:00:00
2,244,,2016-05-31 00:00:00
2,243,,2016-06-01 00:00:00
2,243,,2016-06-02 00:00:00
2,251,,2016-06-03 00:00:00
2,256,,2016-06-04 00:00:00
2,252,,2016-06-05 00:00:00
2,250,,2016-06-06 00:00:00
2,245,,2016-06-07 00:00:00
2,241,,2016-06-08 00:00:00
2,242,,2016-06-09 00:00:00
2,249,,2016-06-10 00:00:00
2,249,,2016-06-11 00:00:00
2,249,,2016-06-12 00:00:00
2,249,,2016-06-13 00:00:00
2,249,,2016-06-14 00:00:00
2,249,,2016-06-15 00:00:00
2,249,,2016-06-16 00:00:00
2,251,,2016-06-17 00:00:00
2,250,,2016-06-18 00:00:00
2,249,,2016-06-19 00:00:00
2,249,,2016-06-20 00:00:00
2,250,,2016-06-21 00:00:00
2,250,,2016-06-22 00:00:00
2,250,,2016-06-23 00:00:00
2,250,,2016-06-24 00:00:00
2,248,,2016-06-25 00:00:00
2,246,,2016-06-26 00:00:00
2,243,,2016-06-27 00:00:00
2,243,,2016-06-28 00:00:00
2,244,,2016-06-29 00:00:00
2,245,,2016-06-30 00:00:00
2,245,,2016-07-01 00:00:00
2,246,,2016-07-02 00:00:00
2,245,,2016-07-03 00:00:00
2,245,,2016-07-04 00:00:00
2,247,,2016-07-05 00:00:00
2,249,,2016-07-06 00:00:00
2,253,,2016-07-07 00:00:00
2,254,,2016-07-08 00:00:00
2,254,,2016-07-09 00:00:00
2,254,,2016-07-10 00:00:00
2,253,,2016-07-11 00:00:00
2,253,,2016-07-12 00:00:00
2,254,,2016-07-13 00:00:00
2,254,,2016-07-14 00:00:00
2,254,,2016-07-15 00:00:00
2,253,,2016-07-16 00:00:00
2,251,,2016-07-17 00:00:00
2,247,,2016-07-18 00:00:00
2,248,,2016-07-19 00:00:00
2,249,,2016-07-24 00:00:00
2,249,,2016-07-25 00:00:00
2,251,,2016-07-26 00:00:00
2,250,,2016-07-27 00:00:00
2,249,,2016-07-28 00:00:00
2,248,,2016-07-29 00:00:00
2,247,,2016-07-30 00:00:00
2,245,,2016-07-31 00:00:00
2,241,,2016-08-01 00:00:00
2,237,,2016-08-02 00:00:00
2,237,,2016-08-03 00:00:00
2,238,,2016-08-04 00:00:00
2,239,,2016-08-05 00:00:00
2,241,,2016-08-06 00:00:00
2,240,,2016-08-07 00:00:00
2,238,,2016-08-08 00:00:00
2,234,,2016-08-09 00:00:00
2,235,,2016-08-10 00:00:00
2,237,,2016-08-11 00:00:00
2,237,,2016-08-12 00:00:00
2,236,,2016-08-13 00:00:00
2,235,,2016-08-14 00:00:00
2,236,,2016-08-15 00:00:00
2,236,,2016-08-16 00:00:00
2,236,,2016-08-17 00:00:00
2,237,,2016-08-18 00:00:00
2,237,,2016-08-19 00:00:00
2,237,,2016-08-20 00:00:00
2,237,,2016-08-21 00:00:00
2,234,,2016-08-22 00:00:00
2,234,,2016-08-23 00:00:00
2,231,,2016-08-24 00:00:00
2,224,,2016-08-25 00:00:00
2,222,,2016-08-26 00:00:00
2,223,,2016-08-27 00:00:00
2,220,,2016-08-29 00:00:00
2,218,,2016-09-01 00:00:00
2,219,,2016-09-02 00:00:00
2,220,,2016-09-03 00:00:00
2,219,,2016-09-04 00:00:00
2,216,,2016-09-05 00:00:00
2,215,,2016-09-06 00:00:00
2,215,,2016-09-07 00:00:00
2,215,,2016-09-08 00:00:00
2,209,,2016-09-09 00:00:00
2,209,,2016-09-10 00:00:00
2,207,,2016-09-11 00:00:00
2,203,,2016-09-12 00:00:00
2,208,,2016-09-13 00:00:00
2,216,,2016-09-14 00:00:00
2,223,,2016-09-15 00:00:00
2,230,,2016-09-16 00:00:00
2,237,,2016-09-17 00:00:00
2,239,,2016-09-18 00:00:00
2,237,,2016-09-19 00:00:00
2,239,,2016-09-20 00:00:00
2,237,,2016-09-21 00:00:00
2,233,,2016-09-22 00:00:00
2,228,,2016-09-23 00:00:00
2,225,,2016-09-24 00:00:00
2,220,,2016-09-25 00:00:00
2,218,,2016-09-26 00:00:00
2,218,,2016-09-27 00:00:00
2,224,,2016-09-28 00:00:00
2,227,,2016-09-29 00:00:00
2,228,,2016-09-30 00:00:00
2,228,,2016-10-01 00:00:00
2,227,,2016-10-02 00:00:00
2,223,,2016-10-03 00:00:00
2,219,,2016-10-04 00:00:00
2,218,,2016-10-05 00:00:00
2,219,,2016-10-06 00:00:00
2,222,,2016-10-07 00:00:00
2,224,,2016-10-08 00:00:00
2,225,,2016-10-09 00:00:00
2,224,,2016-10-10 00:00:00
2,223,,2016-10-11 00:00:00
2,224,,2016-10-12 00:00:00
2,222,,2016-10-13 00:00:00
2,224,,2016-10-14 00:00:00
2,224,,2016-10-15 00:00:00
2,217,,2016-10-16 00:00:00
2,211,,2016-10-17 00:00:00
2,213,,2016-10-18 00:00:00
2,213,,2016-10-19 00:00:00
2,216,,2016-10-20 00:00:00
2,217,,2016-10-21 00:00:00
2,217,,2016-10-22 00:00:00
2,216,,2016-10-23 00:00:00
2,216,,2016-10-24 00:00:00
2,216,,2016-10-25 00:00:00
2,216,,2016-10-26 00:00:00
2,214,,2016-10-27 00:00:00
2,210,,2016-10-28 00:00:00
2,209,,2016-10-29 00:00:00
2,208,,2016-10-30 00:00:00
2,206,,2016-10-31 00:00:00
2,210,,2016-11-01 00:00:00
2,210,,2016-11-02 00:00:00
2,212,,2016-11-03 00:00:00
2,212,,2016-11-04 00:00:00
2,211,,2016-11-05 00:00:00
2,209,,2016-11-06 00:00:00
2,208,,2016-11-07 00:00:00
2,207,,2016-11-08 00:00:00
2,206,,2016-11-09 00:00:00
2,207,,2016-11-10 00:00:00
2,208,,2016-11-11 00:00:00
2,209,,2016-11-12 00:00:00
2,210,,2016-11-13 00:00:00
2,211,,2016-11-14 00:00:00
2,212,,2016-11-15 00:00:00
2,211,,2016-11-16 00:00:00
2,205,,2016-12-08 00:00:00
2,206,,2016-12-09 00:00:00
2,204,,2016-12-10 00:00:00
2,204,,2016-12-11 00:00:00
2,204,,2016-12-12 00:00:00
2,206,,2016-12-13 00:00:00
2,207,,2016-12-14 00:00:00
2,208,,2016-12-15 00:00:00
2,208,,2016-12-16 00:00:00
2,209,,2016-12-17 00:00:00
2,210,,2016-12-18 00:00:00
2,211,,2016-12-19 00:00:00
2,210,,2016-12-20 00:00:00
2,210,,2016-12-21 00:00:00
2,207,,2016-12-22 00:00:00
2,203,,2016-12-23 00:00:00
2,201,,2016-12-24 00:00:00
2,199,,2016-12-25 00:00:00
2,199,,2016-12-26 00:00:00
2,199,,2016-12-27 00:00:00
2,198,,2016-12-28 00:00:00
2,197,,2016-12-29 00:00:00
2,193,,2016-12-30 00:00:00
2,188,,2016-12-31 00:00:00
2,185,,2017-01-01 00:00:00
2,181,,2017-01-02 00:00:00
2,183,,2017-01-03 00:00:00
2,186,,2017-01-04 00:00:00
2,188,,2017-01-05 00:00:00
2,183,,2017-01-06 00:00:00
2,183,,2017-01-07 00:00:00
2,185,,2017-01-08 00:00:00
2,188,,2017-01-09 00:00:00
2,191,,2017-01-10 00:00:00
2,196,,2017-01-11 00:00:00
2,196,,2017-01-12 00:00:00
2,194,,2017-01-13 00:00:00
2,189,,2017-01-14 00:00:00
2,189,,2017-01-15 00:00:00
2,190,,2017-01-16 00:00:00
2,190,,2017-01-17 00:00:00
2,192,,2017-01-18 00:00:00
2,193,,2017-01-19 00:00:00
2,192,,2017-01-20 00:00:00
2,193,,2017-01-21 00:00:00
2,194,,2017-01-22 00:00:00
2,194,,2017-01-23 00:00:00
2,195,,2017-01-24 00:00:00
2,202,,2017-01-28 00:00:00
2,205,,2017-01-29 00:00:00
2,208,,2017-01-30 00:00:00
2,209,,2017-01-31 00:00:00
2,210,,2017-02-01 00:00:00
2,212,,2017-02-02 00:00:00
2,214,,2017-02-03 00:00:00
2,213,,2017-02-04 00:00:00
2,214,,2017-02-05 00:00:00
2,213,,2017-02-06 00:00:00
2,213,,2017-02-07 00:00:00
2,212,,2017-02-08 00:00:00
2,212,,2017-02-09 00:00:00
2,212,,2017-02-10 00:00:00
2,209,,2017-02-11 00:00:00
2,207,,2017-02-12 00:00:00
2,206,,2017-02-13 00:00:00
2,208,,2017-02-14 00:00:00
2,209,,2017-02-15 00:00:00
2,208,,2017-02-16 00:00:00
2,208,,2017-02-17 00:00:00
2,206,,2017-02-19 00:00:00
2,204,,2017-02-20 00:00:00
2,201,,2017-02-21 00:00:00
2,199,,2017-02-22 00:00:00
2,198,,2017-02-23 00:00:00
2,198,,2017-02-24 00:00:00
2,199,,2017-02-25 00:00:00
2,203,,2017-02-26 00:00:00
2,208,,2017-02-27 00:00:00
2,211,,2017-02-28 00:00:00
2,213,,2017-03-01 00:00:00
2,213,,2017-03-02 00:00:00
2,213,,2017-03-03 00:00:00
2,213,,2017-03-04 00:00:00
2,214,,2017-03-05 00:00:00
2,214,,2017-03-06 00:00:00
2,215,,2017-03-07 00:00:00
2,215,,2017-03-08 00:00:00
2,214,,2017-03-09 00:00:00
2,214,,2017-03-10 00:00:00
2,212,,2017-03-11 00:00:00
2,212,,2017-03-12 00:00:00
2,210,,2017-03-13 00:00:00
2,207,,2017-03-14 00:00:00
2,207,,2017-03-15 00:00:00
2,206,,2017-03-16 00:00:00
2,204,,2017-03-17 00:00:00
2,203,,2017-03-18 00:00:00
2,202,,2017-03-19 00:00:00
2,200,,2017-03-20 00:00:00
2,199,,2017-03-21 00:00:00
2,200,,2017-03-22 00:00:00
2,199,,2017-03-23 00:00:00
2,203,,2017-03-24 00:00:00
2,204,,2017-03-25 00:00:00
2,204,,2017-03-26 00:00:00
2,204,,2017-03-27 00:00:00
2,204,,2017-03-28 00:00:00
2,204,,2017-03-29 00:00:00
2,202,,2017-03-30 00:00:00
2,200,,2017-03-31 00:00:00
2,199,,2017-04-01 00:00:00
2,200,,2017-04-02 00:00:00
2,200,,2017-04-03 00:00:00
2,203,,2017-04-04 00:00:00
2,205,,2017-04-05 00:00:00
2,209,,2017-04-13 00:00:00
2,207,,2017-04-14 00:00:00
2,206,,2017-04-15 00:00:00
2,207,,2017-04-16 00:00:00
2,206,,2017-04-17 00:00:00
2,204,,2017-04-18 00:00:00
2,202,,2017-04-19 00:00:00
2,201,,2017-04-20 00:00:00
2,201,,2017-04-21 00:00:00
2,200,,2017-04-22 00:00:00
2,199,,2017-04-23 00:00:00
2,198,,2017-04-24 00:00:00
2,198,,2017-04-25 00:00:00
2,199,,2017-04-26 00:00:00
2,199,,2017-04-27 00:00:00
2,200,,2017-04-28 00:00:00
2,200,,2017-04-29 00:00:00
2,200,,2017-04-30 00:00:00
2,201,,2017-05-01 00:00:00
2,201,,2017-05-02 00:00:00
2,200,,2017-05-03 00:00:00
2,199,,2017-05-04 00:00:00
2,200,,2017-05-05 00:00:00
2,200,,2017-05-06 00:00:00
2,199,,2017-05-07 00:00:00
2,200,,2017-05-08 00:00:00
2,200,,2017-05-09 00:00:00
2,199,,2017-05-10 00:00:00
2,197,,2017-05-11 00:00:00
2,197,,2017-05-12 00:00:00
2,193,,2017-05-13 00:00:00
2,190,,2017-05-14 00:00:00
2,189,,2017-05-15 00:00:00
2,190,,2017-05-16 00:00:00
2,191,,2017-05-17 00:00:00
2,191,,2017-05-18 00:00:00
2,192,,2017-05-19 00:00:00
2,192,,2017-05-20 00:00:00
2,191,,2017-05-21 00:00:00
2,188,,2017-05-22 00:00:00
2,188,,2017-05-23 00:00:00
2,188,,2017-05-24 00:00:00
2,188,,2017-05-25 00:00:00
2,189,,2017-05-26 00:00:00
2,190,,2017-05-27 00:00:00
2,193,,2017-05-28 00:00:00
2,195,,2017-05-29 00:00:00
2,195,,2017-05-30 00:00:00
2,196,,2017-05-31 00:00:00
2,196,,2017-06-01 00:00:00
2,196,,2017-06-02 00:00:00
2,198,,2017-06-03 00:00:00
2,197,,2017-06-04 00:00:00
2,196,,2017-06-05 00:00:00
2,196,,2017-06-06 00:00:00
2,197,,2017-06-07 00:00:00
2,198,,2017-06-08 00:00:00
2,195,,2017-06-09 00:00:00
2,191,,2017-06-10 00:00:00
2,185,,2017-06-11 00:00:00
2,182,,2017-06-12 00:00:00
2,183,,2017-06-13 00:00:00
2,185,,2017-06-14 00:00:00
2,189,,2017-06-15 00:00:00
2,190,,2017-06-16 00:00:00
2,189,,2017-06-17 00:00:00
2,187,,2017-06-18 00:00:00
2,186,,2017-06-19 00:00:00
2,186,,2017-06-20 00:00:00
2,186,,2017-06-21 00:00:00
2,186,,2017-06-22 00:00:00
2,186,,2017-06-23 00:00:00
2,185,,2017-06-24 00:00:00
2,181,,2017-06-25 00:00:00
2,177,,2017-06-26 00:00:00
2,178,,2017-06-27 00:00:00
2,181,,2017-06-28 00:00:00
2,182,,2017-06-29 00:00:00
2,183,,2017-06-30 00:00:00
2,178,,2017-07-01 00:00:00
2,174,,2017-07-02 00:00:00
2,172,,2017-07-03 00:00:00
2,173,,2017-07-04 00:00:00
2,174,,2017-07-05 00:00:00
2,172,,2017-07-06 00:00:00
2,171,,2017-07-07 00:00:00
2,169,,2017-07-08 00:00:00
2,166,,2017-07-09 00:00:00
2,162,,2017-07-14 00:00:00
2,165,,2017-07-15 00:00:00
2,164,,2017-07-16 00:00:00
2,165,,2017-07-17 00:00:00
2,171,,2017-07-18 00:00:00
2,173,,2017-07-19 00:00:00
2,179,,2017-07-20 00:00:00
2,188,,2017-07-21 00:00:00
2,192,,2017-07-22 00:00:00
2,190,,2017-07-23 00:00:00
2,189,,2017-07-24 00:00:00
2,191,,2017-07-25 00:00:00
2,194,,2017-07-26 00:00:00
2,200,,2017-07-27 00:00:00
2,201,,2017-07-28 00:00:00
2,200,,2017-07-29 00:00:00
2,196,,2017-07-30 00:00:00
2,192,,2017-07-31 00:00:00
2,191,,2017-08-01 00:00:00
2,191,,2017-08-02 00:00:00
2,190,,2017-08-03 00:00:00
2,192,,2017-08-04 00:00:00
2,193,,2017-08-05 00:00:00
2,187,,2017-08-06 00:00:00
2,181,,2017-08-07 00:00:00
2,188,,2017-08-10 00:00:00
2,191,,2017-08-11 00:00:00
2,192,,2017-08-12 00:00:00
2,189,,2017-08-13 00:00:00
2,187,,2017-08-14 00:00:00
2,186,,2017-08-15 00:00:00
2,187,,2017-08-16 00:00:00
2,190,,2017-08-17 00:00:00
2,194,,2017-08-18 00:00:00
2,193,,2017-08-19 00:00:00
2,192,,2017-08-20 00:00:00
2,193,,2017-08-21 00:00:00
2,194,,2017-08-22 00:00:00
2,196,,2017-08-23 00:00:00
2,197,,2017-08-24 00:00:00
2,196,,2017-08-25 00:00:00
2,195,,2017-08-26 00:00:00
2,194,,2017-08-27 00:00:00
2,191,,2017-08-28 00:00:00
2,189,,2017-08-29 00:00:00
2,188,,2017-08-30 00:00:00
2,189,,2017-08-31 00:00:00
2,190,,2017-09-01 00:00:00
2,190,,2017-09-02 00:00:00
2,189,,2017-09-03 00:00:00
2,189,,2017-09-04 00:00:00
2,190,,2017-09-05 00:00:00
2,190,,2017-09-06 00:00:00
2,190,,2017-09-07 00:00:00
2,189,,2017-09-08 00:00:00
2,186,,2017-09-09 00:00:00
2,184,,2017-09-10 00:00:00
2,184,,2017-09-11 00:00:00
2,186,,2017-09-12 00:00:00
2,187,,2017-09-13 00:00:00
2,188,,2017-09-14 00:00:00
2,187,,2017-09-15 00:00:00
2,185,,2017-09-16 00:00:00
2,183,,2017-09-17 00:00:00
2,183,,2017-09-18 00:00:00
2,186,,2017-09-19 00:00:00
2,187,,2017-09-20 00:00:00
2,187,,2017-09-21 00:00:00
2,188,,2017-09-22 00:00:00
2,186,,2017-09-23 00:00:00
2,184,,2017-09-24 00:00:00
2,182,,2017-09-25 00:00:00
2,179,,2017-09-26 00:00:00
2,177,,2017-09-27 00:00:00
2,176,,2017-09-28 00:00:00
2,181,,2017-09-29 00:00:00
2,186,,2017-09-30 00:00:00
2,189,,2017-10-01 00:00:00
2,194,,2017-10-02 00:00:00
2,196,,2017-10-03 00:00:00
2,197,,2017-10-04 00:00:00
2,197,,2017-10-05 00:00:00
2,197,,2017-10-06 00:00:00
2,197,,2017-10-07 00:00:00
2,193,,2017-10-08 00:00:00
2,190,,2017-10-09 00:00:00
2,189,,2017-10-10 00:00:00
2,189,,2017-10-11 00:00:00
2,190,,2017-10-12 00:00:00
2,189,,2017-10-13 00:00:00
2,187,,2017-10-14 00:00:00
2,187,,2017-10-15 00:00:00
2,187,,2017-10-16 00:00:00
2,189,,2017-10-17 00:00:00
2,187,,2017-10-18 00:00:00
2,187,,2017-10-19 00:00:00
2,184,,2017-10-20 00:00:00
2,183,,2017-10-21 00:00:00
2,182,,2017-10-22 00:00:00
2,182,,2017-10-23 00:00:00
2,182,,2017-10-24 00:00:00
2,181,,2017-10-25 00:00:00
2,181,,2017-10-26 00:00:00
2,179,,2017-10-27 00:00:00
2,173,,2017-10-28 00:00:00
2,167,,2017-10-29 00:00:00
2,165,,2017-10-30 00:00:00
2,170,,2017-10-31 00:00:00
2,171,,2017-11-01 00:00:00
2,170,,2017-11-02 00:00:00
2,168,,2017-11-03 00:00:00
2,165,,2017-11-04 00:00:00
2,162,,2017-11-05 00:00:00
2,161,,2017-11-06 00:00:00
2,162,,2017-11-07 00:00:00
2,160,,2017-11-08 00:00:00
2,158,,2017-11-09 00:00:00
2,156,,2017-11-10 00:00:00
2,153,,2017-11-11 00:00:00
2,153,,2017-11-12 00:00:00
2,155,,2017-11-13 00:00:00
2,159,,2017-11-14 00:00:00
2,160,,2017-11-15 00:00:00
2,161,,2017-11-16 00:00:00
2,162,,2017-11-17 00:00:00
2,161,,2017-11-18 00:00:00
2,160,,2017-11-19 00:00:00
2,161,,2017-11-20 00:00:00
2,163,,2017-11-21 00:00:00
2,164,,2017-11-22 00:00:00
2,164,,2017-11-23 00:00:00
2,162,,2017-11-24 00:00:00
2,160,,2017-11-25 00:00:00
2,159,,2017-11-26 00:00:00
2,158,,2017-11-27 00:00:00
2,158,,2017-11-28 00:00:00
2,158,,2017-11-29 00:00:00
2,158,,2017-11-30 00:00:00
2,158,,2017-12-01 00:00:00
2,158,,2017-12-02 00:00:00
2,157,,2017-12-03 00:00:00
2,158,,2017-12-04 00:00:00
2,159,,2017-12-05 00:00:00
2,161,,2017-12-06 00:00:00
2,163,,2017-12-07 00:00:00
2,164,,2017-12-08 00:00:00
2,161,,2017-12-09 00:00:00
2,160,,2017-12-10 00:00:00
2,160,,2017-12-11 00:00:00
2,161,,2017-12-12 00:00:00
2,161,,2017-12-13 00:00:00
2,161,,2017-12-14 00:00:00
2,160,,2017-12-15 00:00:00
2,159,,2017-12-16 00:00:00
2,158,,2017-12-17 00:00:00
2,159,,2017-12-18 00:00:00
2,164,,2017-12-19 00:00:00
2,172,,2017-12-20 00:00:00
2,179,,2017-12-21 00:00:00
2,181,,2017-12-22 00:00:00
2,180,,2017-12-23 00:00:00
2,180,,2017-12-24 00:00:00
2,185,,2017-12-25 00:00:00
2,189,,2017-12-26 00:00:00
2,189,,2017-12-27 00:00:00
2,187,,2017-12-28 00:00:00
2,185,,2017-12-29 00:00:00
2,180,,2017-12-30 00:00:00
2,176,,2017-12-31 00:00:00
2,174,,2018-01-01 00:00:00
2,175,,2018-01-02 00:00:00
2,180,,2018-01-03 00:00:00
2,184,,2018-01-04 00:00:00
2,180,,2018-01-05 00:00:00
2,176,,2018-01-06 00:00:00
2,173,,2018-01-07 00:00:00
2,170,,2018-01-08 00:00:00
2,168,,2018-01-09 00:00:00
2,167,,2018-01-10 00:00:00
2,167,,2018-01-11 00:00:00
2,168,,2018-01-12 00:00:00
2,169,,2018-01-13 00:00:00
2,168,,2018-01-14 00:00:00
2,168,,2018-01-15 00:00:00
2,170,,2018-01-16 00:00:00
2,172,,2018-01-17 00:00:00
2,170,,2018-01-18 00:00:00
2,168,,2018-01-19 00:00:00
2,167,,2018-01-20 00:00:00
2,168,,2018-01-21 00:00:00
2,170,,2018-01-22 00:00:00
2,174,,2018-01-23 00:00:00
2,177,,2018-01-24 00:00:00
2,178,,2018-01-25 00:00:00
2,178,,2018-01-26 00:00:00
2,174,,2018-01-27 00:00:00
2,170,,2018-01-28 00:00:00
2,169,,2018-01-29 00:00:00
2,171,,2018-01-30 00:00:00
2,171,,2018-01-31 00:00:00
2,170,,2018-02-01 00:00:00
2,170,,2018-02-02 00:00:00
2,170,,2018-02-03 00:00:00
2,169,,2018-02-04 00:00:00
2,170,,2018-02-05 00:00:00
2,173,,2018-02-06 00:00:00
2,176,,2018-02-07 00:00:00
2,175,,2018-02-08 00:00:00
2,174,,2018-02-09 00:00:00
2,174,,2018-02-10 00:00:00
2,175,,2018-02-11 00:00:00
2,179,,2018-02-12 00:00:00
2,181,,2018-02-13 00:00:00
2,181,,2018-02-14 00:00:00
2,181,,2018-02-15 00:00:00
2,180,,2018-02-16 00:00:00
2,180,,2018-02-17 00:00:00
2,180,,2018-02-18 00:00:00
2,181,,2018-02-19 00:00:00
2,186,,2018-02-20 00:00:00
2,186,,2018-02-21 00:00:00
2,183,,2018-02-22 00:00:00
2,184,,2018-02-23 00:00:00
2,184,,2018-02-24 00:00:00
2,182,,2018-02-25 00:00:00
2,182,,2018-02-26 00:00:00
2,181,,2018-02-27 00:00:00
2,180,,2018-02-28 00:00:00
2,177,,2018-03-01 00:00:00
2,175,,2018-03-02 00:00:00
2,171,,2018-03-03 00:00:00
2,169,,2018-03-04 00:00:00
2,167,,2018-03-05 00:00:00
2,168,,2018-03-06 00:00:00
2,172,,2018-03-07 00:00:00
2,173,,2018-03-08 00:00:00
2,173,,2018-03-09 00:00:00
2,173,,2018-03-10 00:00:00
2,173,,2018-03-11 00:00:00
2,172,,2018-03-12 00:00:00
2,172,,2018-03-13 00:00:00
2,172,,2018-03-14 00:00:00
2,171,,2018-03-15 00:00:00
2,170,,2018-03-16 00:00:00
2,169,,2018-03-17 00:00:00
2,168,,2018-03-18 00:00:00
2,167,,2018-03-19 00:00:00
2,165,,2018-03-21 00:00:00
2,164,,2018-03-22 00:00:00
2,162,,2018-03-24 00:00:00
2,162,,2018-03-25 00:00:00
2,163,,2018-03-26 00:00:00
2,164,,2018-03-27 00:00:00
2,166,,2018-03-28 00:00:00
2,166,,2018-03-29 00:00:00
2,167,,2018-03-30 00:00:00
2,167,,2018-03-31 00:00:00
2,166,,2018-04-01 00:00:00
2,166,,2018-04-02 00:00:00
2,167,,2018-04-03 00:00:00
2,167,,2018-04-04 00:00:00
2,169,,2018-04-05 00:00:00
2,171,,2018-04-06 00:00:00
2,171,,2018-04-07 00:00:00
2,171,,2018-04-08 00:00:00
2,171,,2018-04-09 00:00:00
2,171,,2018-04-10 00:00:00
2,172,,2018-04-11 00:00:00
2,174,,2018-04-12 00:00:00
2,177,,2018-04-13 00:00:00
2,178,,2018-04-14 00:00:00
2,179,,2018-04-15 00:00:00
2,181,,2018-04-16 00:00:00
2,182,,2018-04-17 00:00:00
2,182,,2018-04-18 00:00:00
2,182,,2018-04-19 00:00:00
2,181,,2018-04-20 00:00:00
2,176,,2018-04-21 00:00:00
2,171,,2018-04-22 00:00:00
2,170,,2018-04-23 00:00:00
2,169,,2018-04-24 00:00:00
2,169,,2018-04-25 00:00:00
2,169,,2018-04-26 00:00:00
2,169,,2018-04-27 00:00:00
2,169,,2018-04-28 00:00:00
2,169,,2018-04-29 00:00:00
2,169,,2018-04-30 00:00:00
2,173,,2018-05-01 00:00:00
2,176,,2018-05-02 00:00:00
2,179,,2018-05-03 00:00:00
2,183,,2018-05-04 00:00:00
2,182,,2018-05-05 00:00:00
2,180,,2018-05-06 00:00:00
2,179,,2018-05-07 00:00:00
2,180,,2018-05-08 00:00:00
2,184,,2018-05-09 00:00:00
2,186,,2018-05-10 00:00:00
2,185,,2018-05-11 00:00:00
2,184,,2018-05-12 00:00:00
2,187,,2018-05-13 00:00:00
2,192,,2018-05-14 00:00:00
2,196,,2018-05-15 00:00:00
2,195,,2018-05-16 00:00:00
2,199,,2018-05-17 00:00:00
2,199,,2018-05-18 00:00:00
2,195,,2018-05-19 00:00:00
2,189,,2018-05-20 00:00:00
2,187,,2018-05-21 00:00:00
2,187,,2018-05-22 00:00:00
2,187,,2018-05-23 00:00:00
2,188,,2018-05-24 00:00:00
2,187,,2018-05-25 00:00:00
2,185,,2018-05-26 00:00:00
2,184,,2018-05-27 00:00:00
2,183,,2018-05-28 00:00:00
2,183,,2018-05-29 00:00:00
2,184,,2018-05-30 00:00:00
2,183,,2018-05-31 00:00:00
2,183,,2018-06-01 00:00:00
2,181,,2018-06-02 00:00:00
2,180,,2018-06-03 00:00:00
2,180,,2018-06-04 00:00:00
2,182,,2018-06-05 00:00:00
2,188,,2018-06-06 00:00:00
2,189,,2018-06-07 00:00:00
2,189,,2018-06-08 00:00:00
2,191,,2018-06-09 00:00:00
2,196,,2018-06-10 00:00:00
2,203,,2018-06-11 00:00:00
2,209,,2018-06-12 00:00:00
2,214,,2018-06-13 00:00:00
2,217,,2018-06-14 00:00:00
2,221,,2018-06-15 00:00:00
2,224,,2018-06-16 00:00:00
2,228,,2018-06-17 00:00:00
2,235,,2018-06-18 00:00:00
2,234,,2018-06-19 00:00:00
2,228,,2018-06-20 00:00:00
2,223,,2018-06-21 00:00:00
2,214,,2018-06-22 00:00:00
2,206,,2018-06-23 00:00:00
2,202,,2018-06-24 00:00:00
2,201,,2018-06-25 00:00:00
2,200,,2018-06-26 00:00:00
2,200,,2018-06-27 00:00:00
2,199,,2018-06-28 00:00:00
2,199,,2018-06-29 00:00:00
2,201,,2018-06-30 00:00:00
2,205,,2018-07-01 00:00:00
2,211,,2018-07-02 00:00:00
2,217,,2018-07-03 00:00:00
2,224,,2018-07-04 00:00:00
2,228,,2018-07-05 00:00:00
2,229,,2018-07-06 00:00:00
2,225,,2018-07-07 00:00:00
2,216,,2018-07-08 00:00:00
2,211,,2018-07-09 00:00:00
2,209,,2018-07-10 00:00:00
2,210,,2018-07-11 00:00:00
2,208,,2018-07-12 00:00:00
2,208,,2018-07-13 00:00:00
2,209,,2018-07-14 00:00:00
2,209,,2018-07-15 00:00:00
2,215,,2018-07-16 00:00:00
2,222,,2018-07-17 00:00:00
2,229,,2018-07-18 00:00:00
2,230,,2018-07-19 00:00:00
2,230,,2018-07-20 00:00:00
2,230,,2018-07-21 00:00:00
2,227,,2018-07-22 00:00:00
2,226,,2018-07-23 00:00:00
2,228,,2018-07-24 00:00:00
2,229,,2018-07-25 00:00:00
2,230,,2018-07-26 00:00:00
2,230,,2018-07-27 00:00:00
2,225,,2018-07-28 00:00:00
2,221,,2018-07-29 00:00:00
2,218,,2018-07-30 00:00:00
2,216,,2018-07-31 00:00:00
2,214,,2018-08-01 00:00:00
2,210,,2018-08-02 00:00:00
2,210,,2018-08-03 00:00:00
2,208,,2018-08-04 00:00:00
2,207,,2018-08-05 00:00:00
2,209,,2018-08-06 00:00:00
2,213,,2018-08-07 00:00:00
2,216,,2018-08-08 00:00:00
2,219,,2018-08-09 00:00:00
2,221,,2018-08-10 00:00:00
2,221,,2018-08-11 00:00:00
2,221,,2018-08-12 00:00:00
2,221,,2018-08-13 00:00:00
2,220,,2018-08-15 00:00:00
2,211,,2018-08-17 00:00:00
2,203,,2018-08-18 00:00:00
2,196,,2018-08-19 00:00:00
2,196,,2018-08-20 00:00:00
2,202,,2018-08-21 00:00:00
2,206,,2018-08-22 00:00:00
2,210,,2018-08-23 00:00:00
2,210,,2018-08-24 00:00:00
2,207,,2018-08-25 00:00:00
2,202,,2018-08-26 00:00:00
2,199,,2018-08-27 00:00:00
2,199,,2018-08-28 00:00:00
2,201,,2018-08-29 00:00:00
2,202,,2018-08-30 00:00:00
2,207,,2018-08-31 00:00:00
2,208,,2018-09-01 00:00:00
2,206,,2018-09-02 00:00:00
2,207,,2018-09-03 00:00:00
2,210,,2018-09-04 00:00:00
2,211,,2018-09-05 00:00:00
2,212,,2018-09-06 00:00:00
2,211,,2018-09-07 00:00:00
2,210,,2018-09-08 00:00:00
2,210,,2018-09-09 00:00:00
2,209,,2018-09-10 00:00:00
2,209,,2018-09-11 00:00:00
2,209,,2018-09-12 00:00:00
2,208,,2018-09-13 00:00:00
2,208,,2018-09-14 00:00:00
2,207,,2018-09-15 00:00:00
2,207,,2018-09-16 00:00:00
2,207,,2018-09-17 00:00:00
2,207,,2018-09-18 00:00:00
2,207,,2018-09-19 00:00:00
2,206,,2018-09-20 00:00:00
2,206,,2018-09-21 00:00:00
2,207,,2018-09-22 00:00:00
2,207,,2018-09-23 00:00:00
2,208,,2018-09-24 00:00:00
2,208,26374496.0,2018-09-25 00:00:00
2,206,11586704.0,2018-09-26 00:00:00
2,206,29458444.0,2018-09-27 00:00:00
2,205,56953066.0,2018-09-28 00:00:00
2,205,38230053.0,2018-09-29 00:00:00
2,205,44207182.0,2018-09-30 00:00:00
2,206,45032731.0,2018-10-01 00:00:00
2,206,42589645.0,2018-10-02 00:00:00
2,205,22670190.0,2018-10-03 00:00:00
2,204,25674175.0,2018-10-04 00:00:00
2,203,39119533.0,2018-10-05 00:00:00
2,199,88828979.0,2018-10-06 00:00:00
2,196,28148341.0,2018-10-07 00:00:00
2,199,48270673.0,2018-10-08 00:00:00
2,202,50643817.0,2018-10-09 00:00:00
2,204,8677165.0,2018-10-10 00:00:00
2,205,48687568.0,2018-10-11 00:00:00
2,205,30775394.0,2018-10-12 00:00:00
2,202,70610743.0,2018-10-13 00:00:00
2,199,103214.0,2018-10-14 00:00:00
2,200,47733400.0,2018-10-15 00:00:00
2,202,36235748.0,2018-10-16 00:00:00
2,204,1749735.0,2018-10-17 00:00:00
2,207,53557734.0,2018-10-18 00:00:00
2,207,56283008.0,2018-10-19 00:00:00
2,207,21896297.0,2018-10-20 00:00:00
2,212,44517340.0,2018-10-21 00:00:00
2,214,54507759.0,2018-10-22 00:00:00
2,214,28551227.0,2018-10-23 00:00:00
2,211,50166048.0,2018-10-24 00:00:00
2,211,38684705.0,2018-10-25 00:00:00
2,211,42232243.0,2018-10-26 00:00:00
2,209,56031138.0,2018-10-27 00:00:00
2,208,15437093.0,2018-10-28 00:00:00
2,208,26085501.0,2018-10-29 00:00:00
2,209,43534953.0,2018-10-30 00:00:00
2,209,60758336.0,2018-10-31 00:00:00
2,209,57674159.0,2018-11-01 00:00:00
2,209,35567960.0,2018-11-02 00:00:00
2,209,51585348.0,2018-11-04 00:00:00
2,210,63927032.0,2018-11-05 00:00:00
2,213,62232651.0,2018-11-06 00:00:00
2,218,33774246.0,2018-11-07 00:00:00
2,223,51598551.0,2018-11-08 00:00:00
2,221,45558891.0,2018-11-09 00:00:00
2,217,86502117.0,2018-11-10 00:00:00
2,215,45529880.0,2018-11-11 00:00:00
2,213,73272835.0,2018-11-12 00:00:00
2,213,67569773.0,2018-11-13 00:00:00
2,212,39549073.0,2018-11-14 00:00:00
2,211,64322014.0,2018-11-15 00:00:00
2,208,92007671.0,2018-11-16 00:00:00
2,205,48195468.0,2018-11-17 00:00:00
2,204,69389402.0,2018-11-18 00:00:00
2,204,43908362.0,2018-11-19 00:00:00
2,203,96261498.0,2018-11-20 00:00:00
2,204,41913939.0,2018-11-21 00:00:00
2,204,68954586.0,2018-11-22 00:00:00
2,203,58936060.0,2018-11-23 00:00:00
2,202,84128172.0,2018-11-24 00:00:00
2,200,18923917.0,2018-11-25 00:00:00
2,200,41462539.0,2018-11-26 00:00:00
2,201,73464416.0,2018-11-27 00:00:00
2,200,78991566.0,2018-11-28 00:00:00
2,199,80304090.0,2018-11-29 00:00:00
2,198,48489705.0,2018-11-30 00:00:00
2,196,20683852.0,2018-12-02 00:00:00
2,197,28914571.0,2018-12-03 00:00:00
2,203,82253637.0,2018-12-04 00:00:00
2,202,90390474.0,2018-12-05 00:00:00
2,201,75023083.0,2018-12-06 00:00:00
2,199,117669655.0,2018-12-08 00:00:00
2,197,91549108.0,2018-12-10 00:00:00
2,197,52171706.0,2018-12-11 00:00:00
2,197,76646092.0,2018-12-12 00:00:00
2,196,86041218.0,2018-12-13 00:00:00
2,195,67521482.0,2018-12-14 00:00:00
2,194,70707425.0,2018-12-15 00:00:00
2,192,12421500.0,2018-12-16 00:00:00
2,189,43387641.0,2018-12-17 00:00:00
2,190,97302882.0,2018-12-18 00:00:00
2,188,66667979.0,2018-12-19 00:00:00
2,188,70495887.0,2018-12-20 00:00:00
2,188,83136062.0,2018-12-21 00:00:00
2,188,61784374.0,2018-12-22 00:00:00
2,187,107821929.0,2018-12-23 00:00:00
2,188,91026497.0,2018-12-24 00:00:00
2,189,52428121.0,2018-12-25 00:00:00
2,190,52097003.0,2018-12-26 00:00:00
2,189,118525006.0,2018-12-27 00:00:00
2,190,44472628.0,2018-12-28 00:00:00
2,189,128675466.0,2018-12-29 00:00:00
2,186,61657953.0,2018-12-30 00:00:00
2,184,97698040.0,2018-12-31 00:00:00
2,178,52587353.0,2019-01-01 00:00:00
2,181,83625491.0,2019-01-02 00:00:00
2,188,67208320.0,2019-01-03 00:00:00
2,197,58693106.0,2019-01-04 00:00:00
2,200,94697047.0,2019-01-05 00:00:00
2,206,24115872.0,2019-01-06 00:00:00
2,203,41273067.0,2019-01-07 00:00:00
2,198,79381713.0,2019-01-09 00:00:00
2,198,50821865.0,2019-01-11 00:00:00
2,197,100201481.0,2019-01-12 00:00:00
2,194,32635281.0,2019-01-13 00:00:00
2,190,80975044.0,2019-01-14 00:00:00
2,185,86976901.0,2019-01-15 00:00:00
2,179,69203625.0,2019-01-16 00:00:00
2,179,82080531.0,2019-01-17 00:00:00
2,183,71891994.0,2019-01-18 00:00:00
2,182,101214158.0,2019-01-19 00:00:00
2,180,10708650.0,2019-01-20 00:00:00
2,180,50527269.0,2019-01-21 00:00:00
2,181,102103387.0,2019-01-22 00:00:00
2,180,3264211.0,2019-01-23 00:00:00
2,176,61724853.0,2019-01-24 00:00:00
2,176,93185818.0,2019-01-25 00:00:00
2,175,78133080.0,2019-01-26 00:00:00
2,172,87148604.0,2019-01-27 00:00:00
2,171,48411107.0,2019-01-28 00:00:00
2,172,101568550.0,2019-01-29 00:00:00
2,173,79801462.0,2019-01-30 00:00:00
2,173,46632263.0,2019-01-31 00:00:00
2,172,124093441.0,2019-02-01 00:00:00
2,170,58265358.0,2019-02-02 00:00:00
2,168,26064377.0,2019-02-03 00:00:00
2,166,37257676.0,2019-02-04 00:00:00
2,164,112382911.0,2019-02-05 00:00:00
2,164,35360793.0,2019-02-06 00:00:00
2,172,99608222.0,2019-02-07 00:00:00
2,178,55612408.0,2019-02-08 00:00:00
2,186,61141358.0,2019-02-09 00:00:00
2,195,3271427.0,2019-02-10 00:00:00
2,200,70900996.0,2019-02-11 00:00:00
2,200,50984617.0,2019-02-12 00:00:00
2,197,22214604.0,2019-02-13 00:00:00
2,191,32336859.0,2019-02-14 00:00:00
2,185,99521734.0,2019-02-15 00:00:00
2,177,74268505.0,2019-02-16 00:00:00
2,175,62700327.0,2019-02-17 00:00:00
2,176,71805812.0,2019-02-18 00:00:00
2,175,59105681.0,2019-02-19 00:00:00
2,179,60869821.0,2019-02-20 00:00:00
2,184,61160454.0,2019-02-21 00:00:00
2,179,52736936.0,2019-02-22 00:00:00
2,177,79194254.0,2019-02-23 00:00:00
2,176,86987820.0,2019-02-24 00:00:00
2,175,80268292.0,2019-02-25 00:00:00
2,175,57749736.0,2019-02-26 00:00:00
2,176,50771214.0,2019-02-27 00:00:00
2,177,43668795.0,2019-02-28 00:00:00
2,178,60644891.0,2019-03-01 00:00:00
2,176,66594566.0,2019-03-02 00:00:00
2,175,74197287.0,2019-03-03 00:00:00
2,174,72986060.0,2019-03-04 00:00:00
2,172,76085240.0,2019-03-05 00:00:00
2,172,18764880.0,2019-03-06 00:00:00
2,170,68625710.0,2019-03-07 00:00:00
2,169,30715464.0,2019-03-08 00:00:00
2,167,71823342.0,2019-03-09 00:00:00
2,167,89148153.0,2019-03-10 00:00:00
2,167,80531159.0,2019-03-11 00:00:00
2,164,106493521.0,2019-03-12 00:00:00
2,166,38595207.0,2019-03-13 00:00:00
2,166,88473548.0,2019-03-14 00:00:00
2,166,50508600.0,2019-03-15 00:00:00
2,164,70431543.0,2019-03-16 00:00:00
2,159,31163601.0,2019-03-17 00:00:00
2,155,38466639.0,2019-03-18 00:00:00
2,153,65931128.0,2019-03-19 00:00:00
2,152,5775313.0,2019-03-20 00:00:00
2,152,83865602.0,2019-03-21 00:00:00
2,151,48181083.0,2019-03-22 00:00:00
2,150,128555720.0,2019-03-23 00:00:00
2,146,22148688.0,2019-03-24 00:00:00
2,143,44661684.0,2019-03-25 00:00:00
2,143,97862684.0,2019-03-26 00:00:00
2,142,32614263.0,2019-03-27 00:00:00
2,145,66232373.0,2019-03-28 00:00:00
2,145,110900190.0,2019-03-29 00:00:00
2,145,31762400.0,2019-03-30 00:00:00
2,145,73778626.0,2019-03-31 00:00:00
2,143,4775508.0,2019-04-01 00:00:00
2,144,49648102.0,2019-04-02 00:00:00
2,147,13775047.0,2019-04-03 00:00:00
2,149,69157949.0,2019-04-04 00:00:00
2,151,61834094.0,2019-04-05 00:00:00
2,151,42148477.0,2019-04-06 00:00:00
2,152,80687406.0,2019-04-07 00:00:00
2,152,67994639.0,2019-04-08 00:00:00
2,151,60806015.0,2019-04-09 00:00:00
2,151,50357257.0,2019-04-10 00:00:00
2,152,51590909.0,2019-04-11 00:00:00
2,153,90058167.0,2019-04-12 00:00:00
2,151,83871861.0,2019-04-13 00:00:00
2,149,28904157.0,2019-04-14 00:00:00
2,146,54054470.0,2019-04-15 00:00:00
2,146,20038407.0,2019-04-16 00:00:00
2,143,9296416.0,2019-04-17 00:00:00
2,140,81280468.0,2019-04-18 00:00:00
2,137,63513506.0,2019-04-19 00:00:00
2,134,96604546.0,2019-04-20 00:00:00
2,132,49668320.0,2019-04-21 00:00:00
2,131,5292912.0,2019-04-22 00:00:00
2,130,96319747.0,2019-04-23 00:00:00
2,126,71983642.0,2019-04-24 00:00:00
2,126,90205020.0,2019-04-25 00:00:00
2,128,87261315.0,2019-04-26 00:00:00
2,131,52787157.0,2019-04-27 00:00:00
2,133,1727622.0,2019-04-28 00:00:00
2,135,63916691.0,2019-04-29 00:00:00
2,136,94060470.0,2019-04-30 00:00:00
2,137,41162487.0,2019-05-01 00:00:00
2,142,49784955.0,2019-05-02 00:00:00
2,145,92546980.0,2019-05-03 00:00:00
2,145,88512486.0,2019-05-04 00:00:00
2,146,58734909.0,2019-05-05 00:00:00
2,147,4508471.0,2019-05-06 00:00:00
2,148,74122913.0,2019-05-07 00:00:00
2,151,50199324.0,2019-05-08 00:00:00
2,156,40401561.0,2019-05-09 00:00:00
2,161,61281654.0,2019-05-10 00:00:00
2,166,50772874.0,2019-05-11 00:00:00
2,171,76152486.0,2019-05-12 00:00:00
2,168,73980045.0,2019-05-13 00:00:00
2,161,71789496.0,2019-05-14 00:00:00
2,153,3368461.0,2019-05-15 00:00:00
2,148,68711858.0,2019-05-16 00:00:00
2,147,38968800.0,2019-05-17 00:00:00
2,144,104388188.0,2019-05-18 00:00:00
2,146,2503307.0,2019-05-19 00:00:00
2,149,66704804.0,2019-05-20 00:00:00
2,155,43379560.0,2019-05-21 00:00:00
2,159,54983276.0,2019-05-22 00:00:00
2,159,62635456.0,2019-05-23 00:00:00
2,162,56808170.0,2019-05-24 00:00:00
2,159,77792543.0,2019-05-25 00:00:00
2,153,53776062.0,2019-05-26 00:00:00
2,150,6986533.0,2019-05-27 00:00:00
2,147,59736708.0,2019-05-28 00:00:00
2,151,23571685.0,2019-05-29 00:00:00
2,156,58376247.0,2019-05-30 00:00:00
2,157,47132011.0,2019-05-31 00:00:00
2,155,64940285.0,2019-06-01 00:00:00
2,149,68234444.0,2019-06-02 00:00:00
2,143,51041480.0,2019-06-03 00:00:00
2,142,83334114.0,2019-06-04 00:00:00
2,147,8083437.0,2019-06-05 00:00:00
2,153,59150973.0,2019-06-06 00:00:00
2,157,63835184.0,2019-06-07 00:00:00
2,159,92097515.0,2019-06-08 00:00:00
2,158,14743215.0,2019-06-09 00:00:00
2,155,23891330.0,2019-06-10 00:00:00
2,158,93895582.0,2019-06-11 00:00:00
2,155,61611498.0,2019-06-12 00:00:00
2,152,81891386.0,2019-06-13 00:00:00
2,151,83184201.0,2019-06-14 00:00:00
2,144,52666544.0,2019-06-15 00:00:00
2,140,5145990.0,2019-06-16 00:00:00
2,142,68055556.0,2019-06-17 00:00:00
2,147,44035723.0,2019-06-18 00:00:00
2,150,64446987.0,2019-06-19 00:00:00
2,149,90149876.0,2019-06-20 00:00:00
2,153,54564960.0,2019-06-21 00:00:00
2,155,48631497.0,2019-06-22 00:00:00
2,155,377909.0,2019-06-23 00:00:00
2,156,49312940.0,2019-06-24 00:00:00
2,158,59903319.0,2019-06-25 00:00:00
2,161,59435371.0,2019-06-26 00:00:00
2,163,74174558.0,2019-06-27 00:00:00
2,167,33582750.0,2019-06-28 00:00:00
2,167,79554258.0,2019-06-29 00:00:00
2,164,16906791.0,2019-06-30 00:00:00
2,161,43027680.0,2019-07-01 00:00:00
2,159,82085318.0,2019-07-02 00:00:00
2,158,80448102.0,2019-07-03 00:00:00
2,157,52304172.0,2019-07-04 00:00:00
2,155,85842369.0,2019-07-05 00:00:00
2,151,69305610.0,2019-07-06 00:00:00
2,146,74305012.0,2019-07-07 00:00:00
2,142,49272961.0,2019-07-08 00:00:00
2,146,74611972.0,2019-07-09 00:00:00
2,150,4085558.0,2019-07-10 00:00:00
2,152,50417018.0,2019-07-11 00:00:00
2,155,92025425.0,2019-07-12 00:00:00
2,155,38912503.0,2019-07-13 00:00:00
2,153,29988334.0,2019-07-14 00:00:00
2,151,38702907.0,2019-07-15 00:00:00
2,150,57041818.0,2019-07-16 00:00:00
2,151,22795046.0,2019-07-17 00:00:00
2,152,57938575.0,2019-07-18 00:00:00
2,150,60836266.0,2019-07-19 00:00:00
2,148,52475367.0,2019-07-20 00:00:00
2,147,8085695.0,2019-07-21 00:00:00
2,147,53934480.0,2019-07-22 00:00:00
2,152,59888592.0,2019-07-23 00:00:00
2,155,1964990.0,2019-07-24 00:00:00
2,155,41113884.0,2019-07-25 00:00:00
2,156,48234183.0,2019-07-26 00:00:00
2,154,66625586.0,2019-07-27 00:00:00
2,153,55739289.0,2019-07-28 00:00:00
2,151,45817499.0,2019-07-29 00:00:00
2,150,75083160.0,2019-07-30 00:00:00
2,149,14011129.0,2019-07-31 00:00:00
2,149,53661666.0,2019-08-01 00:00:00
2,148,58069034.0,2019-08-02 00:00:00
2,147,98800108.0,2019-08-03 00:00:00
2,146,10191850.0,2019-08-04 00:00:00
2,147,65100250.0,2019-08-05 00:00:00
2,150,58194874.0,2019-08-06 00:00:00
2,150,28589875.0,2019-08-07 00:00:00
2,147,47412314.0,2019-08-08 00:00:00
2,144,41956036.0,2019-08-09 00:00:00
2,142,103695598.0,2019-08-10 00:00:00
2,139,43553809.0,2019-08-11 00:00:00
2,139,57102748.0,2019-08-12 00:00:00
2,140,56548235.0,2019-08-13 00:00:00
2,143,58254807.0,2019-08-14 00:00:00
2,145,65961779.0,2019-08-15 00:00:00
2,144,108215867.0,2019-08-16 00:00:00
2,141,31264290.0,2019-08-17 00:00:00
2,140,84723442.0,2019-08-18 00:00:00
2,138,58185410.0,2019-08-19 00:00:00
2,142,48614189.0,2019-08-20 00:00:00
2,144,55976961.0,2019-08-21 00:00:00
2,144,71797516.0,2019-08-22 00:00:00
2,145,40790857.0,2019-08-23 00:00:00
2,147,89638867.0,2019-08-24 00:00:00
2,148,36719117.0,2019-08-25 00:00:00
2,149,64507391.0,2019-08-26 00:00:00
2,148,50424757.0,2019-08-27 00:00:00
2,146,72794162.0,2019-08-28 00:00:00
2,149,43997358.0,2019-08-29 00:00:00
2,152,84142158.0,2019-08-30 00:00:00
2,151,32858231.0,2019-08-31 00:00:00
2,151,25486896.0,2019-09-01 00:00:00
2,150,31842933.0,2019-09-02 00:00:00
2,150,,2019-09-03 00:00:00
2,149,40205537.0,2019-09-04 00:00:00
2,150,,2019-09-05 00:00:00
2,149,41371157.0,2019-09-06 00:00:00
2,147,,2019-09-07 00:00:00
2,144,51669728.0,2019-09-08 00:00:00
2,143,39557423.0,2019-09-09 00:00:00
2,147,38946354.0,2019-09-10 00:00:00
2,150,,2019-09-11 00:00:00
2,150,40621770.0,2019-09-12 00:00:00
2,154,42304570.0,2019-09-13 00:00:00
2,155,59469108.0,2019-09-14 00:00:00
2,157,53706177.0,2019-09-15 00:00:00
2,159,56223560.0,2019-09-16 00:00:00
2,162,52775781.0,2019-09-17 00:00:00
2,160,52258158.0,2019-09-18 00:00:00
2,160,49497330.0,2019-09-19 00:00:00
2,158,,2019-09-20 00:00:00
2,155,69727889.0,2019-09-21 00:00:00
2,153,59674794.0,2019-09-22 00:00:00
2,152,73921743.0,2019-09-23 00:00:00
2,153,27021423.0,2019-09-24 00:00:00
2,154,70641201.0,2019-09-25 00:00:00
2,154,77376192.0,2019-09-26 00:00:00
2,154,33763793.0,2019-09-27 00:00:00
2,158,57293659.0,2019-09-28 00:00:00
2,163,29683456.0,2019-09-29 00:00:00
2,168,32251725.0,2019-09-30 00:00:00
2,173,52757318.0,2019-10-01 00:00:00
2,181,,2019-10-02 00:00:00
2,186,44439386.0,2019-10-03 00:00:00
2,190,37917104.0,2019-10-04 00:00:00
2,194,52933692.0,2019-10-05 00:00:00
2,198,17697915.0,2019-10-06 00:00:00
2,204,40413413.0,2019-10-07 00:00:00
2,211,,2019-10-08 00:00:00
2,211,23610008.0,2019-10-09 00:00:00
2,205,,2019-10-10 00:00:00
2,197,38650797.0,2019-10-11 00:00:00
2,187,55915334.0,2019-10-12 00:00:00
2,177,,2019-10-13 00:00:00
2,168,72487820.0,2019-10-14 00:00:00
2,161,40107876.0,2019-10-15 00:00:00
2,156,54510565.0,2019-10-16 00:00:00
2,158,28807110.0,2019-10-17 00:00:00
2,162,64743994.0,2019-10-18 00:00:00
2,162,,2019-10-19 00:00:00
2,164,39814635.0,2019-10-20 00:00:00
2,166,33857911.0,2019-10-21 00:00:00
2,174,41375130.0,2019-10-22 00:00:00
2,178,62022701.0,2019-10-23 00:00:00
2,180,46148292.0,2019-10-24 00:00:00
2,178,,2019-10-25 00:00:00
2,173,70822209.0,2019-10-26 00:00:00
2,166,49819172.0,2019-10-27 00:00:00
2,161,55821967.0,2019-10-28 00:00:00
2,167,24715909.0,2019-10-29 00:00:00
2,174,35296198.0,2019-10-30 00:00:00
2,178,45674084.0,2019-10-31 00:00:00
2,178,48613150.0,2019-11-01 00:00:00
2,177,65869941.0,2019-11-02 00:00:00
2,174,14579961.0,2019-11-03 00:00:00
2,173,43802997.0,2019-11-04 00:00:00
2,180,22693696.0,2019-11-05 00:00:00
2,186,,2019-11-06 00:00:00
2,184,45039870.0,2019-11-07 00:00:00
2,176,65805670.0,2019-11-08 00:00:00
2,168,72977130.0,2019-11-09 00:00:00
2,161,13339425.0,2019-11-10 00:00:00
2,165,9694797.0,2019-11-11 00:00:00
2,165,47441346.0,2019-11-12 00:00:00
2,161,43001788.0,2019-11-13 00:00:00
2,160,47635673.0,2019-11-14 00:00:00
2,162,74465303.0,2019-11-15 00:00:00
2,157,85040762.0,2019-11-16 00:00:00
2,155,24093887.0,2019-11-17 00:00:00
2,157,70856342.0,2019-11-18 00:00:00
2,158,42057682.0,2019-11-19 00:00:00
2,157,11748184.0,2019-11-20 00:00:00
2,153,32822044.0,2019-11-21 00:00:00
2,150,76351487.0,2019-11-22 00:00:00
2,145,65331401.0,2019-11-23 00:00:00
2,144,52741807.0,2019-11-24 00:00:00
2,148,45948507.0,2019-11-25 00:00:00
2,154,57064418.0,2019-11-26 00:00:00
2,160,26357908.0,2019-11-27 00:00:00
2,165,42764491.0,2019-11-28 00:00:00
2,170,29280437.0,2019-11-29 00:00:00
2,176,56075241.0,2019-11-30 00:00:00
2,178,41524583.0,2019-12-01 00:00:00
2,182,,2019-12-02 00:00:00
2,184,62152693.0,2019-12-03 00:00:00
2,185,47612029.0,2019-12-04 00:00:00
2,183,26640887.0,2019-12-05 00:00:00
2,183,32022068.0,2019-12-06 00:00:00
2,178,71772044.0,2019-12-07 00:00:00
2,173,41719751.0,2019-12-08 00:00:00
2,170,49088879.0,2019-12-09 00:00:00
2,175,42940121.0,2019-12-10 00:00:00
2,180,43082891.0,2019-12-11 00:00:00
2,184,27789958.0,2019-12-12 00:00:00
2,190,52497418.0,2019-12-13 00:00:00
2,192,45398857.0,2019-12-14 00:00:00
2,193,10940555.0,2019-12-15 00:00:00
2,195,43200199.0,2019-12-16 00:00:00
2,200,65576156.0,2019-12-17 00:00:00
2,194,35276382.0,2019-12-18 00:00:00
2,188,50879966.0,2019-12-19 00:00:00
2,180,,2019-12-20 00:00:00
2,172,80424052.0,2019-12-21 00:00:00
2,164,70554167.0,2019-12-22 00:00:00
2,162,37260856.0,2019-12-23 00:00:00
2,169,,2019-12-24 00:00:00
2,171,78663495.0,2019-12-25 00:00:00
2,168,43164571.0,2019-12-26 00:00:00
2,165,97702815.0,2019-12-27 00:00:00
2,159,80516787.0,2019-12-28 00:00:00
2,156,49091108.0,2019-12-29 00:00:00
2,154,60236483.0,2019-12-30 00:00:00
2,157,47891911.0,2019-12-31 00:00:00
2,165,,2020-01-01 00:00:00
2,173,69122816.0,2020-01-02 00:00:00
2,180,39377637.0,2020-01-03 00:00:00
2,185,42228389.0,2020-01-04 00:00:00
2,190,60271432.0,2020-01-05 00:00:00
2,196,34556104.0,2020-01-06 00:00:00
2,202,,2020-01-07 00:00:00
2,209,23574869.0,2020-01-08 00:00:00
2,216,36962233.0,2020-01-09 00:00:00
2,223,66390202.0,2020-01-10 00:00:00
2,223,65827834.0,2020-01-11 00:00:00
2,231,18458233.0,2020-01-12 00:00:00
2,241,,2020-01-13 00:00:00
2,243,44108317.0,2020-01-14 00:00:00
2,238,69227900.0,2020-01-15 00:00:00
2,230,59129613.0,2020-01-16 00:00:00
2,223,67577953.0,2020-01-17 00:00:00
2,218,32901730.0,2020-01-18 00:00:00
2,220,22818636.0,2020-01-19 00:00:00
2,224,51385760.0,2020-01-20 00:00:00
2,227,31772081.0,2020-01-21 00:00:00
2,224,66080257.0,2020-01-22 00:00:00
2,220,49960221.0,2020-01-23 00:00:00
2,222,55102009.0,2020-01-24 00:00:00
2,229,40338153.0,2020-01-25 00:00:00
2,234,,2020-01-26 00:00:00
2,239,51163729.0,2020-01-27 00:00:00
2,242,41688624.0,2020-01-28 00:00:00
2,243,,2020-01-29 00:00:00
2,239,54165262.0,2020-01-30 00:00:00
2,229,50577629.0,2020-01-31 00:00:00
2,217,63991900.0,2020-02-01 00:00:00
2,206,,2020-02-02 00:00:00
2,195,52411341.0,2020-02-03 00:00:00
2,188,69981287.0,2020-02-04 00:00:00
2,186,56111459.0,2020-02-05 00:00:00
2,185,75520165.0,2020-02-06 00:00:00
2,181,50988121.0,2020-02-07 00:00:00
2,178,63438918.0,2020-02-08 00:00:00
2,179,51747153.0,2020-02-09 00:00:00
2,184,83283920.0,2020-02-10 00:00:00
2,189,44710595.0,2020-02-11 00:00:00
2,195,54734455.0,2020-02-12 00:00:00
2,192,37970149.0,2020-02-13 00:00:00
2,190,84258099.0,2020-02-14 00:00:00
2,187,43397711.0,2020-02-15 00:00:00
2,187,50903799.0,2020-02-16 00:00:00
2,189,70267190.0,2020-02-17 00:00:00
2,190,65198518.0,2020-02-18 00:00:00
2,191,42837860.0,2020-02-19 00:00:00
2,192,76549869.0,2020-02-20 00:00:00
2,193,21377706.0,2020-02-21 00:00:00
2,194,88833382.0,2020-02-22 00:00:00
2,193,53039387.0,2020-02-23 00:00:00
2,193,67353262.0,2020-02-24 00:00:00
2,190,55647555.0,2020-02-25 00:00:00
2,189,63118189.0,2020-02-26 00:00:00
2,189,51360547.0,2020-02-27 00:00:00
2,191,88352418.0,2020-02-28 00:00:00
2,191,27522583.0,2020-02-29 00:00:00
2,190,79964234.0,2020-03-01 00:00:00
2,190,51956870.0,2020-03-02 00:00:00
2,191,66016143.0,2020-03-03 00:00:00
2,192,33342238.0,2020-03-04 00:00:00
2,191,43982965.0,2020-03-05 00:00:00
2,191,78117954.0,2020-03-06 00:00:00
2,189,48653719.0,2020-03-07 00:00:00
2,186,66609475.0,2020-03-08 00:00:00
2,182,56112846.0,2020-03-09 00:00:00
2,177,,2020-03-10 00:00:00
2,173,58120569.0,2020-03-11 00:00:00
2,170,84518903.0,2020-03-12 00:00:00
2,167,56907340.0,2020-03-13 00:00:00
2,165,74367468.0,2020-03-14 00:00:00
2,170,53656903.0,2020-03-15 00:00:00
2,176,74096024.0,2020-03-16 00:00:00
2,179,,2020-03-17 00:00:00
2,179,64660916.0,2020-03-18 00:00:00
2,182,62249484.0,2020-03-19 00:00:00
2,187,96374906.0,2020-03-20 00:00:00
2,187,69308735.0,2020-03-21 00:00:00
2,185,11887482.0,2020-03-22 00:00:00
2,183,66072645.0,2020-03-23 00:00:00
2,185,101596062.0,2020-03-24 00:00:00
2,185,78142610.0,2020-03-25 00:00:00
2,183,,2020-03-26 00:00:00
2,183,80932937.0,2020-03-27 00:00:00
2,185,71130821.0,2020-03-28 00:00:00
2,185,24435417.0,2020-03-29 00:00:00
2,184,104253363.0,2020-03-30 00:00:00
2,186,68558965.0,2020-03-31 00:00:00
2,189,75286492.0,2020-04-01 00:00:00
2,190,102950091.0,2020-04-02 00:00:00
2,192,30510032.0,2020-04-03 00:00:00
2,193,131046116.0,2020-04-04 00:00:00
2,192,,2020-04-05 00:00:00
2,192,94818130.0,2020-04-06 00:00:00
2,192,80088446.0,2020-04-07 00:00:00
2,193,130830497.0,2020-04-08 00:00:00
2,195,77326298.0,2020-04-09 00:00:00
2,196,50408712.0,2020-04-10 00:00:00
2,196,,2020-04-11 00:00:00
2,191,93784060.0,2020-04-12 00:00:00
2,182,83367395.0,2020-04-13 00:00:00
2,174,87746022.0,2020-04-14 00:00:00
2,168,118885388.0,2020-04-15 00:00:00
2,171,50982447.0,2020-04-16 00:00:00
2,176,91628667.0,2020-04-17 00:00:00
2,179,128262462.0,2020-04-18 00:00:00
2,180,30344817.0,2020-04-19 00:00:00
2,174,99710080.0,2020-04-20 00:00:00
2,167,83826627.0,2020-04-21 00:00:00
2,168,109213512.0,2020-04-22 00:00:00
2,172,,2020-04-23 00:00:00
2,180,72525758.0,2020-04-24 00:00:00
2,185,84246024.0,2020-04-25 00:00:00
2,186,123972324.0,2020-04-26 00:00:00
2,184,110219842.0,2020-04-27 00:00:00
2,189,100398799.0,2020-04-28 00:00:00
2,196,56284530.0,2020-04-29 00:00:00
2,200,110379786.0,2020-04-30 00:00:00
2,204,54440163.0,2020-05-01 00:00:00
2,207,83223648.0,2020-05-02 00:00:00
2,209,13902322.0,2020-05-03 00:00:00
2,207,,2020-05-04 00:00:00
2,207,93728182.0,2020-05-05 00:00:00
2,207,140557494.0,2020-05-06 00:00:00
2,207,87595399.0,2020-05-07 00:00:00
2,206,65889041.0,2020-05-08 00:00:00
2,200,131506115.0,2020-05-09 00:00:00
2,191,33201096.0,2020-05-10 00:00:00
2,183,69123281.0,2020-05-11 00:00:00
2,184,67153536.0,2020-05-12 00:00:00
2,190,101141579.0,2020-05-13 00:00:00
2,194,59520323.0,2020-05-14 00:00:00
2,198,82012718.0,2020-05-15 00:00:00
2,197,107926449.0,2020-05-16 00:00:00
2,192,91022898.0,2020-05-17 00:00:00
2,184,59980685.0,2020-05-18 00:00:00
2,182,97175150.0,2020-05-19 00:00:00
2,186,77858273.0,2020-05-20 00:00:00
2,186,67497578.0,2020-05-21 00:00:00
2,188,85699982.0,2020-05-22 00:00:00
2,186,152331174.0,2020-05-23 00:00:00
2,184,70314434.0,2020-05-24 00:00:00
2,181,42516688.0,2020-05-25 00:00:00
2,177,75615809.0,2020-05-26 00:00:00
2,172,60580430.0,2020-05-27 00:00:00
2,174,60148875.0,2020-05-28 00:00:00
2,180,105432186.0,2020-05-29 00:00:00
2,177,74443123.0,2020-05-30 00:00:00
2,174,87580848.0,2020-05-31 00:00:00
2,172,,2020-06-01 00:00:00
2,173,124543155.0,2020-06-02 00:00:00
2,171,37617474.0,2020-06-03 00:00:00
2,172,57695085.0,2020-06-04 00:00:00
2,174,129417975.0,2020-06-05 00:00:00
2,170,99864304.0,2020-06-06 00:00:00
2,170,70057611.0,2020-06-07 00:00:00
2,172,65279875.0,2020-06-08 00:00:00
2,173,77453589.0,2020-06-09 00:00:00
2,174,109372420.0,2020-06-10 00:00:00
2,175,23516082.0,2020-06-11 00:00:00
2,176,54875777.0,2020-06-12 00:00:00
2,175,72168752.0,2020-06-13 00:00:00
2,174,26652645.0,2020-06-14 00:00:00
2,171,79085406.0,2020-06-15 00:00:00
2,170,68737162.0,2020-06-16 00:00:00
2,169,34721891.0,2020-06-17 00:00:00
2,167,51761032.0,2020-06-18 00:00:00
2,165,124415891.0,2020-06-19 00:00:00
2,162,59905623.0,2020-06-20 00:00:00
2,159,4667060.0,2020-06-21 00:00:00
2,157,93496217.0,2020-06-22 00:00:00
2,162,69828451.0,2020-06-23 00:00:00
2,167,149000.0,2020-06-24 00:00:00
2,168,93666251.0,2020-06-25 00:00:00
2,167,100178974.0,2020-06-26 00:00:00
2,162,73928175.0,2020-06-27 00:00:00
2,159,74328944.0,2020-06-28 00:00:00
2,157,61255418.0,2020-06-29 00:00:00
2,159,98575477.0,2020-06-30 00:00:00
2,165,47264334.0,2020-07-01 00:00:00
2,170,69357455.0,2020-07-02 00:00:00
2,172,83011147.0,2020-07-03 00:00:00
2,172,83120866.0,2020-07-04 00:00:00
2,173,41116871.0,2020-07-05 00:00:00
2,174,91506072.0,2020-07-06 00:00:00
2,176,53484227.0,2020-07-07 00:00:00
2,178,3297467.0,2020-07-08 00:00:00
2,182,59467088.0,2020-07-09 00:00:00
2,182,88751053.0,2020-07-10 00:00:00
2,177,78554602.0,2020-07-11 00:00:00
2,175,39538734.0,2020-07-12 00:00:00
2,177,72414847.0,2020-07-13 00:00:00
2,176,75363845.0,2020-07-14 00:00:00
2,179,21886828.0,2020-07-15 00:00:00
2,181,66781694.0,2020-07-16 00:00:00
2,180,62794538.0,2020-07-17 00:00:00
2,177,55437588.0,2020-07-18 00:00:00
2,175,10590678.0,2020-07-19 00:00:00
2,174,62692263.0,2020-07-20 00:00:00
2,176,53286589.0,2020-07-21 00:00:00
2,175,2321878.0,2020-07-22 00:00:00
2,171,69691526.0,2020-07-23 00:00:00
2,170,64233860.0,2020-07-24 00:00:00
2,169,89360707.0,2020-07-25 00:00:00
2,169,16999677.0,2020-07-26 00:00:00
2,170,64904827.0,2020-07-27 00:00:00
2,172,78608424.0,2020-07-28 00:00:00
2,171,63909890.0,2020-07-29 00:00:00
2,171,86016467.0,2020-07-30 00:00:00
2,170,31427481.0,2020-07-31 00:00:00
2,170,84736823.0,2020-08-01 00:00:00
2,172,24433207.0,2020-08-02 00:00:00
2,174,66521637.0,2020-08-03 00:00:00
2,175,52103956.0,2020-08-04 00:00:00
2,176,19443244.0,2020-08-05 00:00:00
2,178,42793135.0,2020-08-06 00:00:00
2,180,80791957.0,2020-08-07 00:00:00
2,180,79537546.0,2020-08-08 00:00:00
2,179,36637667.0,2020-08-09 00:00:00
2,178,96364108.0,2020-08-10 00:00:00
2,174,29557963.0,2020-08-11 00:00:00
2,170,90995716.0,2020-08-12 00:00:00
2,165,55209852.0,2020-08-13 00:00:00
2,160,97715872.0,2020-08-14 00:00:00
2,162,33266843.0,2020-08-15 00:00:00
2,165,82890412.0,2020-08-16 00:00:00
2,165,8601178.0,2020-08-17 00:00:00
2,166,56852385.0,2020-08-18 00:00:00
2,164,58046546.0,2020-08-19 00:00:00
2,163,87435100.0,2020-08-20 00:00:00
2,163,80496090.0,2020-08-21 00:00:00
2,160,58540546.0,2020-08-22 00:00:00
2,158,72241498.0,2020-08-23 00:00:00
2,155,66776388.0,2020-08-24 00:00:00
2,158,64845605.0,2020-08-25 00:00:00
2,162,68115540.0,2020-08-26 00:00:00
2,164,83801685.0,2020-08-27 00:00:00
2,165,39230320.0,2020-08-28 00:00:00
2,165,100221240.0,2020-08-29 00:00:00
2,166,45130442.0,2020-08-30 00:00:00
2,166,61326611.0,2020-08-31 00:00:00
2,165,54956525.0,2020-09-01 00:00:00
2,164,53868660.0,2020-09-02 00:00:00
2,164,93424775.0,2020-09-03 00:00:00
2,161,74800623.0,2020-09-04 00:00:00
2,159,57447063.0,2020-09-05 00:00:00
2,159,56017621.0,2020-09-06 00:00:00
2,159,81485804.0,2020-09-07 00:00:00
2,159,53785036.0,2020-09-08 00:00:00
2,159,51771146.0,2020-09-09 00:00:00
2,159,76576052.0,2020-09-10 00:00:00
2,160,80827460.0,2020-09-11 00:00:00
2,160,70223288.0,2020-09-12 00:00:00
2,160,59480174.0,2020-09-13 00:00:00
2,160,61978495.0,2020-09-14 00:00:00
2,161,15810365.0,2020-09-15 00:00:00
2,161,37713467.0,2020-09-16 00:00:00
2,162,89522640.0,2020-09-17 00:00:00
2,161,58016910.0,2020-09-18 00:00:00
2,160,93926554.0,2020-09-19 00:00:00
2,158,12759089.0,2020-09-20 00:00:00
2,156,19891772.0,2020-09-21 00:00:00
2,153,51063644.0,2020-09-22 00:00:00
2,151,102560465.0,2020-09-23 00:00:00
2,148,96239599.0,2020-09-24 00:00:00
2,147,43073935.0,2020-09-25 00:00:00
2,150,115461152.0,2020-09-26 00:00:00
2,151,11247988.0,2020-09-27 00:00:00
2,151,54445112.0,2020-09-28 00:00:00
2,150,79637169.0,2020-09-29 00:00:00
2,147,59185923.0,2020-09-30 00:00:00
2,144,76407107.0,2020-10-01 00:00:00
2,140,79259843.0,2020-10-02 00:00:00
2,139,114647460.0,2020-10-03 00:00:00
2,139,10450791.0,2020-10-04 00:00:00
2,141,53944292.0,2020-10-05 00:00:00
2,143,1265017.0,2020-10-06 00:00:00
2,143,103740468.0,2020-10-07 00:00:00
2,143,69964379.0,2020-10-08 00:00:00
2,142,65873686.0,2020-10-09 00:00:00
2,141,117408336.0,2020-10-10 00:00:00
2,141,50997112.0,2020-10-11 00:00:00
2,142,108577093.0,2020-10-12 00:00:00
2,141,32191690.0,2020-10-13 00:00:00
2,142,54200887.0,2020-10-14 00:00:00
2,142,58678357.0,2020-10-15 00:00:00
2,142,112398081.0,2020-10-16 00:00:00
2,141,99226188.0,2020-10-17 00:00:00
2,140,56269993.0,2020-10-18 00:00:00
2,139,92573318.0,2020-10-19 00:00:00
2,138,514327.0,2020-10-20 00:00:00
2,137,97574318.0,2020-10-21 00:00:00
2,136,77272557.0,2020-10-22 00:00:00
2,136,72136844.0,2020-10-23 00:00:00
2,137,113153106.0,2020-10-24 00:00:00
2,138,11028433.0,2020-10-25 00:00:00
2,141,60176196.0,2020-10-26 00:00:00
2,143,22662745.0,2020-10-27 00:00:00
2,143,25626447.0,2020-10-28 00:00:00
2,143,97861846.0,2020-10-29 00:00:00
2,141,95966180.0,2020-10-30 00:00:00
2,138,43953256.0,2020-10-31 00:00:00
2,134,76988134.0,2020-11-01 00:00:00
2,129,87390080.0,2020-11-02 00:00:00
2,123,104534399.0,2020-11-03 00:00:00
2,123,25425779.0,2020-11-04 00:00:00
2,128,38768274.0,2020-11-05 00:00:00
2,133,64272380.0,2020-11-06 00:00:00
2,135,108074628.0,2020-11-07 00:00:00
2,136,417388.0,2020-11-08 00:00:00
2,139,84142010.0,2020-11-09 00:00:00
2,142,23050763.0,2020-11-10 00:00:00
2,140,82017502.0,2020-11-11 00:00:00
2,137,55548309.0,2020-11-12 00:00:00
2,137,61067062.0,2020-11-13 00:00:00
2,140,46248392.0,2020-11-14 00:00:00
2,143,59444005.0,2020-11-15 00:00:00
2,144,47910794.0,2020-11-16 00:00:00
2,144,55676259.0,2020-11-17 00:00:00
2,144,79413666.0,2020-11-18 00:00:00
2,142,62516677.0,2020-11-19 00:00:00
2,138,65461094.0,2020-11-20 00:00:00
2,137,97312550.0,2020-11-21 00:00:00
2,135,2668193.0,2020-11-22 00:00:00
2,135,59268999.0,2020-11-23 00:00:00
2,135,71163491.0,2020-11-24 00:00:00
2,135,82084364.0,2020-11-25 00:00:00
2,136,41046732.0,2020-11-26 00:00:00
2,137,95152241.0,2020-11-27 00:00:00
2,137,68575209.0,2020-11-28 00:00:00
2,137,62726116.0,2020-11-29 00:00:00
2,138,52027102.0,2020-11-30 00:00:00
2,138,7859442.0,2020-12-01 00:00:00
2,138,50825945.0,2020-12-02 00:00:00
2,139,63551245.0,2020-12-03 00:00:00
2,140,99784702.0,2020-12-04 00:00:00
2,138,51864344.0,2020-12-05 00:00:00
2,137,71555437.0,2020-12-06 00:00:00
2,136,89793565.0,2020-12-07 00:00:00
2,135,48860279.0,2020-12-08 00:00:00
2,135,19832299.0,2020-12-09 00:00:00
2,135,29828460.0,2020-12-10 00:00:00
2,136,53174951.0,2020-12-11 00:00:00
2,138,80184860.0,2020-12-12 00:00:00
2,139,54301661.0,2020-12-13 00:00:00
2,141,76500220.0,2020-12-14 00:00:00
2,141,61232418.0,2020-12-15 00:00:00
2,139,59865011.0,2020-12-16 00:00:00
2,139,96266592.0,2020-12-17 00:00:00
2,138,27555763.0,2020-12-18 00:00:00
2,139,69356367.0,2020-12-19 00:00:00
2,138,87672737.0,2020-12-20 00:00:00
2,137,59358682.0,2020-12-21 00:00:00
2,138,52816706.0,2020-12-22 00:00:00
2,139,71937687.0,2020-12-23 00:00:00
2,139,48271198.0,2020-12-24 00:00:00
2,140,74591163.0,2020-12-25 00:00:00
2,140,44813343.0,2020-12-26 00:00:00
2,141,84232593.0,2020-12-27 00:00:00
2,142,72876488.0,2020-12-28 00:00:00
2,144,104901572.0,2020-12-29 00:00:00
2,145,34461291.0,2020-12-30 00:00:00
2,145,84471004.0,2020-12-31 00:00:00
2,143,92810295.0,2021-01-01 00:00:00
2,142,45349183.0,2021-01-02 00:00:00
2,144,15031548.0,2021-01-03 00:00:00
2,146,34564484.0,2021-01-04 00:00:00
2,151,18598418.0,2021-01-05 00:00:00
2,154,28488339.0,2021-01-06 00:00:00
2,153,78001797.0,2021-01-07 00:00:00
2,149,88893947.0,2021-01-08 00:00:00
2,145,57702837.0,2021-01-09 00:00:00
2,146,20410511.0,2021-01-10 00:00:00
2,151,53591733.0,2021-01-11 00:00:00
2,151,24350588.0,2021-01-12 00:00:00
2,148,2384563.0,2021-01-13 00:00:00
2,144,54939192.0,2021-01-14 00:00:00
2,140,76213786.0,2021-01-15 00:00:00
2,135,128661480.0,2021-01-16 00:00:00
2,135,35599944.0,2021-01-17 00:00:00
2,141,87890063.0,2021-01-18 00:00:00
2,142,14603561.0,2021-01-19 00:00:00
2,144,45097197.0,2021-01-20 00:00:00
2,145,108661821.0,2021-01-21 00:00:00
2,141,35343492.0,2021-01-22 00:00:00
2,138,93791272.0,2021-01-23 00:00:00
2,136,11879963.0,2021-01-24 00:00:00
2,136,64843826.0,2021-01-25 00:00:00
2,138,56522853.0,2021-01-26 00:00:00
2,140,91733253.0,2021-01-27 00:00:00
2,142,59255050.0,2021-01-28 00:00:00
2,143,78749792.0,2021-01-29 00:00:00
2,143,62443577.0,2021-01-30 00:00:00
2,143,65755354.0,2021-01-31 00:00:00
2,143,54026993.0,2021-02-01 00:00:00
2,144,6312677.0,2021-02-02 00:00:00
2,144,90327807.0,2021-02-03 00:00:00
2,145,67201211.0,2021-02-04 00:00:00
2,145,48534535.0,2021-02-05 00:00:00
2,145,67155402.0,2021-02-06 00:00:00
2,142,77091727.0,2021-02-07 00:00:00
2,142,89130572.0,2021-02-08 00:00:00
2,143,45124705.0,2021-02-09 00:00:00
2,144,52765085.0,2021-02-10 00:00:00
2,145,84271889.0,2021-02-11 00:00:00
2,145,56609379.0,2021-02-12 00:00:00
2,145,94583943.0,2021-02-13 00:00:00
2,144,52137486.0,2021-02-14 00:00:00
2,143,66778913.0,2021-02-15 00:00:00
2,141,20830166.0,2021-02-16 00:00:00
2,138,57301791.0,2021-02-17 00:00:00
2,138,64066412.0,2021-02-18 00:00:00
2,138,75624747.0,2021-02-19 00:00:00
2,135,88358887.0,2021-02-20 00:00:00
2,133,25925672.0,2021-02-21 00:00:00
2,135,83748792.0,2021-02-22 00:00:00
2,136,43376357.0,2021-02-23 00:00:00
2,138,99275044.0,2021-02-24 00:00:00
2,139,34019534.0,2021-02-25 00:00:00
2,140,64051782.0,2021-02-26 00:00:00
2,141,69122703.0,2021-02-27 00:00:00
2,143,15592.0,2021-02-28 00:00:00
2,147,39420363.0,2021-03-01 00:00:00
2,152,52978715.0,2021-03-02 00:00:00
2,157,60103585.0,2021-03-03 00:00:00
2,157,0.0,2021-03-04 00:00:00
2,158,72907036.0,2021-03-05 00:00:00
2,161,44377426.0,2021-03-06 00:00:00
2,162,85710859.0,2021-03-07 00:00:00
2,161,30357984.0,2021-03-08 00:00:00
2,162,87863007.0,2021-03-09 00:00:00
2,163,55242465.0,2021-03-10 00:00:00
2,167,56216051.0,2021-03-11 00:00:00
2,170,39992735.0,2021-03-12 00:00:00
2,171,53082416.0,2021-03-13 00:00:00
2,173,94825512.0,2021-03-14 00:00:00
2,172,43551974.0,2021-03-15 00:00:00
2,170,64572345.0,2021-03-16 00:00:00
2,172,51984023.0,2021-03-17 00:00:00
2,176,37525890.0,2021-03-18 00:00:00
2,183,53110900.0,2021-03-19 00:00:00
2,183,95547696.0,2021-03-20 00:00:00
2,181,44390057.0,2021-03-21 00:00:00
2,177,97221786.0,2021-03-22 00:00:00
2,171,1822808.0,2021-03-23 00:00:00
2,168,72620628.0,2021-03-24 00:00:00
2,163,43326282.0,2021-03-25 00:00:00
2,158,83099488.0,2021-03-26 00:00:00
2,156,62604577.0,2021-03-27 00:00:00
2,152,13104790.0,2021-03-28 00:00:00
2,147,61384606.0,2021-03-29 00:00:00
2,144,77935322.0,2021-03-30 00:00:00
2,142,55850300.0,2021-03-31 00:00:00
2,144,55472829.0,2021-04-01 00:00:00
2,149,88377377.0,2021-04-02 00:00:00
2,151,48324040.0,2021-04-03 00:00:00
2,151,82188878.0,2021-04-04 00:00:00
2,150,82665405.0,2021-04-05 00:00:00
2,148,1021809.0,2021-04-06 00:00:00
2,146,66357845.0,2021-04-07 00:00:00
2,144,100085686.0,2021-04-08 00:00:00
2,143,51995201.0,2021-04-09 00:00:00
2,142,123609520.0,2021-04-10 00:00:00
2,142,47771614.0,2021-04-11 00:00:00
2,141,79638928.0,2021-04-12 00:00:00
2,142,54788946.0,2021-04-13 00:00:00
2,143,94882428.0,2021-04-14 00:00:00
2,144,26384696.0,2021-04-15 00:00:00
2,145,116338788.0,2021-04-16 00:00:00
2,144,64457160.0,2021-04-17 00:00:00
2,142,22113085.0,2021-04-18 00:00:00
2,139,66045510.0,2021-04-19 00:00:00
2,135,57197174.0,2021-04-20 00:00:00
2,133,78879393.0,2021-04-21 00:00:00
2,130,64715934.0,2021-04-22 00:00:00
2,128,107358746.0,2021-04-23 00:00:00
2,129,57963030.0,2021-04-24 00:00:00
2,130,73604125.0,2021-04-25 00:00:00
2,132,62618656.0,2021-04-26 00:00:00
2,134,6509583.0,2021-04-27 00:00:00
2,133,56165685.0,2021-04-28 00:00:00
2,131,68015266.0,2021-04-29 00:00:00
2,129,81454130.0,2021-04-30 00:00:00
2,129,88019513.0,2021-05-01 00:00:00
2,130,91156008.0,2021-05-02 00:00:00
2,132,23256511.0,2021-05-03 00:00:00
2,133,63578666.0,2021-05-04 00:00:00
2,135,66645387.0,2021-05-05 00:00:00
2,136,72635573.0,2021-05-06 00:00:00
2,137,99476381.0,2021-05-07 00:00:00
2,138,46532263.0,2021-05-08 00:00:00
2,139,11079901.0,2021-05-09 00:00:00
2,139,82050066.0,2021-05-10 00:00:00
2,141,32814887.0,2021-05-11 00:00:00
2,145,89181310.0,2021-05-12 00:00:00
2,149,26374996.0,2021-05-13 00:00:00
2,155,70321274.0,2021-05-14 00:00:00
2,155,65517405.0,2021-05-15 00:00:00
2,153,75553614.0,2021-05-16 00:00:00
2,155,88996190.0,2021-05-17 00:00:00
2,160,32626232.0,2021-05-18 00:00:00
2,162,39883749.0,2021-05-19 00:00:00
2,166,49487826.0,2021-05-20 00:00:00
2,167,86897514.0,2021-05-21 00:00:00
2,165,46708452.0,2021-05-22 00:00:00
2,170,57501295.0,2021-05-23 00:00:00
2,176,56913913.0,2021-05-24 00:00:00
2,178,22561573.0,2021-05-25 00:00:00
2,177,44340271.0,2021-05-26 00:00:00
2,173,43757514.0,2021-05-27 00:00:00
2,172,75497984.0,2021-05-28 00:00:00
2,166,84150124.0,2021-05-29 00:00:00
2,157,52454426.0,2021-05-30 00:00:00
2,150,41807725.0,2021-05-31 00:00:00
2,153,64871155.0,2021-06-01 00:00:00
2,158,22663684.0,2021-06-02 00:00:00
2,163,32827383.0,2021-06-03 00:00:00
2,160,71621445.0,2021-06-04 00:00:00
2,158,65548592.0,2021-06-05 00:00:00
2,156,35999449.0,2021-06-06 00:00:00
2,156,48395058.0,2021-06-07 00:00:00
2,157,39711697.0,2021-06-08 00:00:00
2,159,66905100.0,2021-06-09 00:00:00
2,160,52596540.0,2021-06-10 00:00:00
2,165,51104853.0,2021-06-11 00:00:00
2,173,32200603.0,2021-06-12 00:00:00
2,181,15505287.0,2021-06-13 00:00:00
2,184,16867167.0,2021-06-14 00:00:00
2,183,17263108.0,2021-06-15 00:00:00
2,181,46569528.0,2021-06-16 00:00:00
2,181,29884998.0,2021-06-17 00:00:00
2,184,40171958.0,2021-06-18 00:00:00
2,190,53942787.0,2021-06-19 00:00:00
2,190,30906097.0,2021-06-20 00:00:00
2,193,42683935.0,2021-06-21 00:00:00
2,193,42117806.0,2021-06-22 00:00:00
2,194,30732971.0,2021-06-23 00:00:00
2,196,64388483.0,2021-06-24 00:00:00
2,197,29283631.0,2021-06-25 00:00:00
2,197,48612950.0,2021-06-26 00:00:00
2,198,33091155.0,2021-06-27 00:00:00
2,197,40818970.0,2021-06-28 00:00:00
2,197,5780868.0,2021-06-29 00:00:00
2,197,32786819.0,2021-06-30 00:00:00
2,198,46709963.0,2021-07-01 00:00:00
2,197,38215727.0,2021-07-02 00:00:00
2,192,53430471.0,2021-07-03 00:00:00
2,187,44163163.0,2021-07-04 00:00:00
2,185,33576432.0,2021-07-05 00:00:00
2,189,6445534.0,2021-07-06 00:00:00
2,188,43883778.0,2021-07-07 00:00:00
2,190,17200700.0,2021-07-08 00:00:00
2,193,46682026.0,2021-07-09 00:00:00
2,193,64330243.0,2021-07-10 00:00:00
2,192,14153242.0,2021-07-11 00:00:00
2,190,54726468.0,2021-07-12 00:00:00
2,183,12318447.0,2021-07-13 00:00:00
2,175,43989700.0,2021-07-14 00:00:00
2,167,58591135.0,2021-07-15 00:00:00
2,164,24147971.0,2021-07-16 00:00:00
2,167,60938855.0,2021-07-17 00:00:00
2,173,30823408.0,2021-07-18 00:00:00
2,181,43281526.0,2021-07-19 00:00:00
2,186,7798175.0,2021-07-20 00:00:00
2,190,50991847.0,2021-07-21 00:00:00
2,198,37942655.0,2021-07-22 00:00:00
2,207,19378932.0,2021-07-23 00:00:00
2,216,48948435.0,2021-07-24 00:00:00
2,215,7143847.0,2021-07-25 00:00:00
2,215,32813239.0,2021-07-26 00:00:00
2,213,45596940.0,2021-07-27 00:00:00
2,205,51915203.0,2021-07-28 00:00:00
2,196,29524007.0,2021-07-29 00:00:00
2,189,54061043.0,2021-07-30 00:00:00
2,182,74094028.0,2021-07-31 00:00:00
2,175,36630090.0,2021-08-01 00:00:00
2,175,62627013.0,2021-08-02 00:00:00
2,174,397038.0,2021-08-03 00:00:00
2,176,51031929.0,2021-08-04 00:00:00
2,180,65686120.0,2021-08-05 00:00:00
2,178,21399407.0,2021-08-06 00:00:00
2,176,92382684.0,2021-08-07 00:00:00
2,172,585274.0,2021-08-08 00:00:00
2,170,37001531.0,2021-08-09 00:00:00
2,172,86099674.0,2021-08-10 00:00:00
2,175,6130131.0,2021-08-11 00:00:00
2,176,28270028.0,2021-08-12 00:00:00
2,177,83026053.0,2021-08-13 00:00:00
2,174,30450750.0,2021-08-14 00:00:00
2,170,10437329.0,2021-08-15 00:00:00
2,163,43635264.0,2021-08-16 00:00:00
2,155,45768006.0,2021-08-17 00:00:00
2,151,68610055.0,2021-08-18 00:00:00
2,151,40633389.0,2021-08-19 00:00:00
2,153,41931885.0,2021-08-20 00:00:00
2,153,75005590.0,2021-08-21 00:00:00
2,151,47576536.0,2021-08-22 00:00:00
2,149,49835318.0,2021-08-23 00:00:00
2,146,60198537.0,2021-08-24 00:00:00
2,145,36426181.0,2021-08-25 00:00:00
2,148,36426181.0,2021-08-26 00:00:00
2,153,56050397.0,2021-08-27 00:00:00
2,159,,2021-08-28 00:00:00
2,164,,2021-08-29 00:00:00
2,168,,2021-08-30 00:00:00
2,174,,2021-08-31 00:00:00
2,176,,2021-09-01 00:00:00
2,180,,2021-09-02 00:00:00
2,184,,2021-09-03 00:00:00
2,184,,2021-09-04 00:00:00
2,178,,2021-09-05 00:00:00
2,179,,2021-09-06 00:00:00
2,183,,2021-09-07 00:00:00
2,186,,2021-09-08 00:00:00
2,186,,2021-09-09 00:00:00
2,189,,2021-09-10 00:00:00
2,186,,2021-09-11 00:00:00
2,185,,2021-09-12 00:00:00
2,186,,2021-09-13 00:00:00
2,183,,2021-09-14 00:00:00
2,180,43322465.0,2021-09-15 00:00:00
2,175,75952355.0,2021-09-16 00:00:00
2,169,44719211.0,2021-09-17 00:00:00
2,162,43759113.0,2021-09-18 00:00:00
2,157,65491798.0,2021-09-19 00:00:00
2,157,70254725.0,2021-09-20 00:00:00
2,158,39801819.0,2021-09-21 00:00:00
2,158,55962753.0,2021-09-22 00:00:00
2,162,39576010.0,2021-09-23 00:00:00
2,160,48916995.0,2021-09-24 00:00:00
2,158,59295945.0,2021-09-25 00:00:00
2,159,39232426.0,2021-09-26 00:00:00
2,159,60244972.0,2021-09-27 00:00:00
2,163,33864013.0,2021-09-28 00:00:00
2,163,62169195.0,2021-09-29 00:00:00
2,160,62169195.0,2021-09-30 00:00:00
2,158,16917479.0,2021-10-01 00:00:00
2,156,55827183.0,2021-10-02 00:00:00
2,153,84535330.0,2021-10-03 00:00:00
2,153,35166502.0,2021-10-04 00:00:00
2,148,53830426.0,2021-10-05 00:00:00
2,147,41345448.0,2021-10-06 00:00:00
2,146,,2021-10-07 00:00:00
2,148,32445739.0,2021-10-08 00:00:00
2,146,56387503.0,2021-10-09 00:00:00
2,145,74257909.0,2021-10-10 00:00:00
2,146,21141621.0,2021-10-11 00:00:00
2,149,58588210.0,2021-10-12 00:00:00
2,149,,2021-10-13 00:00:00
2,153,,2021-10-14 00:00:00
2,153,,2021-10-15 00:00:00
2,152,,2021-10-16 00:00:00
2,153,38066896.0,2021-10-17 00:00:00
2,153,,2021-10-18 00:00:00
2,156,,2021-10-19 00:00:00
2,157,,2021-10-20 00:00:00
2,160,,2021-10-21 00:00:00
2,165,,2021-10-22 00:00:00
2,161,,2021-10-23 00:00:00
2,163,,2021-10-24 00:00:00
2,163,32245832.0,2021-10-25 00:00:00
2,172,23019740.0,2021-10-26 00:00:00
2,172,8631412.0,2021-10-27 00:00:00
2,176,20163209.0,2021-10-28 00:00:00
2,174,38547695.0,2021-10-29 00:00:00
2,171,48145692.0,2021-10-30 00:00:00
2,169,47893984.0,2021-10-31 00:00:00
2,166,23060691.0,2021-11-01 00:00:00
2,158,35705744.0,2021-11-02 00:00:00
2,151,48998768.0,2021-11-03 00:00:00
2,145,35190492.0,2021-11-04 00:00:00
2,138,66931169.0,2021-11-05 00:00:00
2,132,61081510.0,2021-11-06 00:00:00
2,137,51350205.0,2021-11-07 00:00:00
2,144,8503153.0,2021-11-08 00:00:00
2,152,31231216.0,2021-11-09 00:00:00
2,152,36291633.0,2021-11-10 00:00:00
2,164,30996635.0,2021-11-11 00:00:00
2,169,49810877.0,2021-11-12 00:00:00
2,170,26447541.0,2021-11-13 00:00:00
2,168,45962713.0,2021-11-14 00:00:00
2,170,28940102.0,2021-11-15 00:00:00
2,170,38883886.0,2021-11-16 00:00:00
2,170,46459329.0,2021-11-17 00:00:00
2,166,29513099.0,2021-11-18 00:00:00
2,161,,2021-11-19 00:00:00
2,154,,2021-11-20 00:00:00
2,150,,2021-11-21 00:00:00
2,154,37251545.0,2021-11-22 00:00:00
2,160,24617904.0,2021-11-23 00:00:00
2,167,31468806.0,2021-11-24 00:00:00
2,175,32144173.0,2021-11-25 00:00:00
2,182,41285339.0,2021-11-26 00:00:00
2,185,18151779.0,2021-11-27 00:00:00
2,188,34286498.0,2021-11-28 00:00:00
2,193,4442728.0,2021-11-29 00:00:00
2,190,29087999.0,2021-11-30 00:00:00
2,181,36151936.0,2021-12-01 00:00:00
2,173,51120682.0,2021-12-02 00:00:00
2,165,46954204.0,2021-12-03 00:00:00
2,159,25250226.0,2021-12-04 00:00:00
2,156,57548687.0,2021-12-05 00:00:00
2,158,9576656.0,2021-12-06 00:00:00
2,158,28557849.0,2021-12-07 00:00:00
2,165,29867789.0,2021-12-08 00:00:00
2,169,27952472.0,2021-12-09 00:00:00
2,171,12148727.0,2021-12-10 00:00:00
2,175,31691250.0,2021-12-11 00:00:00
2,176,31321102.0,2021-12-12 00:00:00
2,176,29014729.0,2021-12-13 00:00:00
2,177,35257548.0,2021-12-14 00:00:00
2,178,24758570.0,2021-12-15 00:00:00
2,178,43613156.0,2021-12-16 00:00:00
2,171,40437192.0,2021-12-17 00:00:00
2,171,38853242.0,2021-12-18 00:00:00
2,176,23530541.0,2021-12-19 00:00:00
2,178,32106929.0,2021-12-20 00:00:00
2,178,40058672.0,2021-12-21 00:00:00
2,181,22802221.0,2021-12-22 00:00:00
2,181,57295923.0,2021-12-23 00:00:00
2,174,37825173.0,2021-12-24 00:00:00
2,170,52459167.0,2021-12-25 00:00:00
2,167,17150592.0,2021-12-26 00:00:00
2,165,62167157.0,2021-12-27 00:00:00
2,165,58711279.0,2021-12-28 00:00:00
2,166,59760052.0,2021-12-29 00:00:00
2,169,38196031.0,2021-12-30 00:00:00
2,167,58131608.0,2021-12-31 00:00:00
2,165,43023158.0,2022-01-01 00:00:00
2,165,30695180.0,2022-01-02 00:00:00
2,166,49592330.0,2022-01-03 00:00:00
2,167,45375951.0,2022-01-04 00:00:00
2,167,51347481.0,2022-01-05 00:00:00
2,163,,2022-01-06 00:00:00
2,156,,2022-01-07 00:00:00
2,150,43542112.0,2022-01-08 00:00:00
2,147,55446758.0,2022-01-09 00:00:00
2,151,14436016.0,2022-01-10 00:00:00
2,155,59407692.0,2022-01-11 00:00:00
2,155,32464100.0,2022-01-12 00:00:00
2,157,32190831.0,2022-01-13 00:00:00
2,154,68331307.0,2022-01-14 00:00:00
2,157,31396022.0,2022-01-15 00:00:00
2,159,54308905.0,2022-01-16 00:00:00
2,162,44917531.0,2022-01-17 00:00:00
2,163,56798687.0,2022-01-18 00:00:00
2,163,30491003.0,2022-01-19 00:00:00
2,168,29322411.0,2022-01-20 00:00:00
2,163,37567652.0,2022-01-21 00:00:00
2,157,58984313.0,2022-01-22 00:00:00
2,151,41975507.0,2022-01-23 00:00:00
2,146,578761.0,2022-01-24 00:00:00
2,146,54519242.0,2022-01-25 00:00:00
2,142,34305561.0,2022-01-26 00:00:00
2,151,,2022-01-27 00:00:00
2,154,31960142.0,2022-01-28 00:00:00
2,155,36658084.0,2022-01-29 00:00:00
2,156,61249828.0,2022-01-30 00:00:00
2,160,33831562.0,2022-01-31 00:00:00
2,161,50609377.0,2022-02-01 00:00:00
2,161,22199053.0,2022-02-02 00:00:00
2,168,40057858.0,2022-02-03 00:00:00
2,169,21377570.0,2022-02-04 00:00:00
2,168,48438203.0,2022-02-05 00:00:00
2,168,23451200.0,2022-02-06 00:00:00
2,170,7563134.0,2022-02-07 00:00:00
2,170,33849052.0,2022-02-08 00:00:00
2,169,1322807.0,2022-02-09 00:00:00
2,170,30462945.0,2022-02-10 00:00:00
2,167,47174734.0,2022-02-11 00:00:00
2,161,47081341.0,2022-02-12 00:00:00
2,155,46424396.0,2022-02-13 00:00:00
2,152,11306318.0,2022-02-14 00:00:00
2,152,32114263.0,2022-02-15 00:00:00
2,152,44143743.0,2022-02-16 00:00:00
2,152,16761095.0,2022-02-17 00:00:00
2,152,32711461.0,2022-02-18 00:00:00
2,152,36169290.0,2022-02-19 00:00:00
2,154,57265453.0,2022-02-20 00:00:00
2,154,29461938.0,2022-02-21 00:00:00
2,159,40808555.0,2022-02-22 00:00:00
2,158,39931937.0,2022-02-23 00:00:00
2,158,31318283.0,2022-02-24 00:00:00
2,158,37042045.0,2022-02-25 00:00:00
2,157,55016303.0,2022-02-26 00:00:00
2,158,38204535.0,2022-02-27 00:00:00
2,157,43942040.0,2022-02-28 00:00:00
2,157,41878264.0,2022-03-01 00:00:00
2,155,44863003.0,2022-03-02 00:00:00
2,153,29376043.0,2022-03-03 00:00:00
2,150,65344032.0,2022-03-04 00:00:00
2,149,32588476.0,2022-03-05 00:00:00
2,150,52364498.0,2022-03-06 00:00:00
2,152,47577980.0,2022-03-07 00:00:00
2,152,48238105.0,2022-03-08 00:00:00
2,152,46363371.0,2022-03-09 00:00:00
2,153,58043793.0,2022-03-10 00:00:00
2,153,13602397.0,2022-03-11 00:00:00
2,154,67110143.0,2022-03-12 00:00:00
2,159,17882880.0,2022-03-13 00:00:00
2,163,47203092.0,2022-03-14 00:00:00
2,167,49201812.0,2022-03-15 00:00:00
2,167,24312066.0,2022-03-16 00:00:00
2,173,17514708.0,2022-03-17 00:00:00
2,173,41031077.0,2022-03-18 00:00:00
2,170,51519425.0,2022-03-19 00:00:00
2,166,30933443.0,2022-03-20 00:00:00
2,162,54995083.0,2022-03-21 00:00:00
2,161,48776209.0,2022-03-22 00:00:00
2,161,23888582.0,2022-03-23 00:00:00
2,173,47418174.0,2022-03-24 00:00:00
2,172,23111003.0,2022-03-25 00:00:00
2,169,32707055.0,2022-03-26 00:00:00
2,170,36825345.0,2022-03-27 00:00:00
2,171,31318375.0,2022-03-28 00:00:00
2,172,36861044.0,2022-03-29 00:00:00
2,174,43875483.0,2022-03-30 00:00:00
2,175,40274664.0,2022-03-31 00:00:00
2,176,26039639.0,2022-04-01 00:00:00
2,174,36549847.0,2022-04-02 00:00:00
2,174,33886395.0,2022-04-03 00:00:00
2,175,33459983.0,2022-04-04 00:00:00
2,178,24535068.0,2022-04-05 00:00:00
2,182,40734366.0,2022-04-06 00:00:00
2,183,50095066.0,2022-04-07 00:00:00
2,182,19544368.0,2022-04-08 00:00:00
2,183,41428458.0,2022-04-09 00:00:00
2,182,37503423.0,2022-04-10 00:00:00
2,184,41998208.0,2022-04-11 00:00:00
2,187,10540311.0,2022-04-12 00:00:00
2,193,26212350.0,2022-04-13 00:00:00
2,191,48001585.0,2022-04-14 00:00:00
2,194,20101778.0,2022-04-15 00:00:00
2,191,34324699.0,2022-04-16 00:00:00
2,190,51265193.0,2022-04-17 00:00:00
2,192,15985481.0,2022-04-18 00:00:00
2,192,2460552.0,2022-04-19 00:00:00
2,195,26585824.0,2022-04-20 00:00:00
2,202,21310020.0,2022-04-21 00:00:00
2,208,30876464.0,2022-04-22 00:00:00
2,216,33404553.0,2022-04-23 00:00:00
2,218,44564113.0,2022-04-24 00:00:00
2,217,38803392.0,2022-04-25 00:00:00
2,226,10159010.0,2022-04-26 00:00:00
2,233,17813686.0,2022-04-27 00:00:00
2,236,33915774.0,2022-04-28 00:00:00
2,240,48198026.0,2022-04-29 00:00:00
2,247,17008396.0,2022-04-30 00:00:00
2,256,33577284.0,2022-05-01 00:00:00
2,260,12987395.0,2022-05-02 00:00:00
2,251,14826480.0,2022-05-03 00:00:00
2,240,31515126.0,2022-05-04 00:00:00
2,230,1283502.0,2022-05-05 00:00:00
2,223,30284141.0,2022-05-06 00:00:00
2,216,34691196.0,2022-05-07 00:00:00
2,212,3134680.0,2022-05-08 00:00:00
2,205,45149987.0,2022-05-09 00:00:00
2,212,17073754.0,2022-05-10 00:00:00
2,215,27969115.0,2022-05-11 00:00:00
2,223,36139530.0,2022-05-12 00:00:00
2,229,50482886.0,2022-05-13 00:00:00
2,224,18706991.0,2022-05-14 00:00:00
2,214,2097716.0,2022-05-15 00:00:00
2,208,39887071.0,2022-05-16 00:00:00
2,215,527832.0,2022-05-17 00:00:00
2,220,28358109.0,2022-05-18 00:00:00
2,227,48237192.0,2022-05-19 00:00:00
2,230,16623571.0,2022-05-20 00:00:00
2,235,50983010.0,2022-05-21 00:00:00
2,229,11981724.0,2022-05-22 00:00:00
2,226,39510569.0,2022-05-23 00:00:00
2,221,19500489.0,2022-05-24 00:00:00
2,216,28987343.0,2022-05-25 00:00:00
2,213,46842161.0,2022-05-26 00:00:00
2,209,33265612.0,2022-05-27 00:00:00
2,206,40370392.0,2022-05-28 00:00:00
2,205,28050327.0,2022-05-29 00:00:00
2,211,4163744.0,2022-05-30 00:00:00
2,214,45654051.0,2022-05-31 00:00:00
2,214,32408593.0,2022-06-01 00:00:00
2,214,30593059.0,2022-06-02 00:00:00
2,213,23401968.0,2022-06-03 00:00:00
2,214,46331930.0,2022-06-04 00:00:00
2,215,13416199.0,2022-06-05 00:00:00
2,222,20666577.0,2022-06-06 00:00:00
2,228,37408415.0,2022-06-07 00:00:00
2,233,23289841.0,2022-06-08 00:00:00
2,229,54401527.0,2022-06-09 00:00:00
2,228,16986136.0,2022-06-10 00:00:00
2,224,56943556.0,2022-06-11 00:00:00
2,218,22260439.0,2022-06-12 00:00:00
2,218,44274232.0,2022-06-13 00:00:00
2,213,27190834.0,2022-06-14 00:00:00
2,214,37813224.0,2022-06-15 00:00:00
2,220,24978915.0,2022-06-16 00:00:00
2,221,72214112.0,2022-06-17 00:00:00
2,212,20654471.0,2022-06-18 00:00:00
2,201,8407588.0,2022-06-19 00:00:00
2,190,40102014.0,2022-06-20 00:00:00
2,180,3672071.0,2022-06-21 00:00:00
2,174,52107445.0,2022-06-22 00:00:00
2,172,25763309.0,2022-06-23 00:00:00
2,175,36520568.0,2022-06-24 00:00:00
2,180,39147213.0,2022-06-25 00:00:00
2,185,50933965.0,2022-06-26 00:00:00
2,191,65832555.0,2022-06-27 00:00:00
2,190,22657684.0,2022-06-28 00:00:00
2,195,33456458.0,2022-06-29 00:00:00
2,199,49726330.0,2022-06-30 00:00:00
2,200,45171306.0,2022-07-01 00:00:00
2,199,21757498.0,2022-07-02 00:00:00
2,199,48517570.0,2022-07-03 00:00:00
2,197,35601576.0,2022-07-04 00:00:00
2,201,35448059.0,2022-07-05 00:00:00
2,204,34396550.0,2022-07-06 00:00:00
2,206,39758631.0,2022-07-07 00:00:00
2,213,35694341.0,2022-07-08 00:00:00
2,212,50909100.0,2022-07-09 00:00:00
2,204,55567628.0,2022-07-10 00:00:00
2,197,59281101.0,2022-07-11 00:00:00
2,190,28234797.0,2022-07-12 00:00:00
2,188,36472102.0,2022-07-13 00:00:00
2,190,38954742.0,2022-07-14 00:00:00
2,192,65750482.0,2022-07-15 00:00:00
2,192,59130569.0,2022-07-16 00:00:00
2,188,6313194.0,2022-07-17 00:00:00
2,185,31964087.0,2022-07-18 00:00:00
2,191,14470060.0,2022-07-19 00:00:00
2,193,32839496.0,2022-07-20 00:00:00
2,193,31390927.0,2022-07-21 00:00:00
2,194,46636614.0,2022-07-22 00:00:00
2,197,66434979.0,2022-07-23 00:00:00
2,198,11117340.0,2022-07-24 00:00:00
2,206,23333246.0,2022-07-25 00:00:00
2,214,14555.0,2022-07-26 00:00:00
2,219,26099706.0,2022-07-27 00:00:00
2,228,37599472.0,2022-07-28 00:00:00
2,239,46377180.0,2022-07-29 00:00:00
2,250,58217436.0,2022-07-30 00:00:00
2,259,12850614.0,2022-07-31 00:00:00
2,257,36954570.0,2022-08-01 00:00:00
2,256,34743827.0,2022-08-02 00:00:00
2,261,39176689.0,2022-08-03 00:00:00
2,261,46807536.0,2022-08-04 00:00:00
2,261,62677436.0,2022-08-05 00:00:00
2,254,33152287.0,2022-08-06 00:00:00
2,244,13596194.0,2022-08-07 00:00:00
2,232,38253235.0,2022-08-08 00:00:00
2,220,6617979.0,2022-08-09 00:00:00
2,211,24354554.0,2022-08-10 00:00:00
2,215,46069619.0,2022-08-11 00:00:00
2,222,37798510.0,2022-08-12 00:00:00
2,220,45545504.0,2022-08-13 00:00:00
2,213,36061504.0,2022-08-14 00:00:00
2,211,45207106.0,2022-08-15 00:00:00
2,211,36592228.0,2022-08-16 00:00:00
2,213,50038695.0,2022-08-17 00:00:00
2,218,31765723.0,2022-08-18 00:00:00
2,221,60415533.0,2022-08-19 00:00:00
2,215,33638123.0,2022-08-20 00:00:00
2,211,41532812.0,2022-08-21 00:00:00
2,209,47853889.0,2022-08-22 00:00:00
2,207,37123802.0,2022-08-23 00:00:00
2,200,51156513.0,2022-08-24 00:00:00
2,193,18765000.0,2022-08-25 00:00:00
2,187,26051101.0,2022-08-26 00:00:00
2,179,47417536.0,2022-08-27 00:00:00
2,172,43439491.0,2022-08-28 00:00:00
2,165,57671440.0,2022-08-29 00:00:00
2,161,40039079.0,2022-08-30 00:00:00
2,159,66501768.0,2022-08-31 00:00:00
2,157,25678437.0,2022-09-01 00:00:00
2,162,63199581.0,2022-09-02 00:00:00
2,168,32005290.0,2022-09-03 00:00:00
2,175,42083645.0,2022-09-04 00:00:00
2,180,17017693.0,2022-09-05 00:00:00
2,181,62363603.0,2022-09-06 00:00:00
2,177,31599837.0,2022-09-07 00:00:00
2,177,21497155.0,2022-09-08 00:00:00
2,178,59541765.0,2022-09-09 00:00:00
2,182,37120476.0,2022-09-10 00:00:00
2,184,27819287.0,2022-09-11 00:00:00
2,180,39520377.0,2022-09-12 00:00:00
2,179,33542149.0,2022-09-13 00:00:00
2,182,24964608.0,2022-09-14 00:00:00
2,183,56119780.0,2022-09-15 00:00:00
2,182,29599697.0,2022-09-16 00:00:00
2,177,31926761.0,2022-09-17 00:00:00
2,173,71292327.0,2022-09-18 00:00:00
2,173,12665583.0,2022-09-19 00:00:00
2,174,43436757.0,2022-09-20 00:00:00
2,172,42317988.0,2022-09-21 00:00:00
2,170,56575385.0,2022-09-22 00:00:00
2,164,36698811.0,2022-09-23 00:00:00
2,159,35666054.0,2022-09-24 00:00:00
2,155,70480336.0,2022-09-25 00:00:00
2,155,44276802.0,2022-09-26 00:00:00
2,161,29692189.0,2022-09-27 00:00:00
2,164,16045918.0,2022-09-28 00:00:00
2,165,45792822.0,2022-09-29 00:00:00
2,166,35325963.0,2022-09-30 00:00:00
2,166,70370227.0,2022-10-01 00:00:00
2,162,25914222.0,2022-10-02 00:00:00
2,163,39244038.0,2022-10-03 00:00:00
2,163,55130394.0,2022-10-04 00:00:00
2,158,,2022-10-05 00:00:00
2,154,47577628.0,2022-10-06 18:03:00
2,151,27811403.0,2022-10-07 07:34:26
2,150,61679741.0,2022-10-08 17:33:26
2,150,44352239.0,2022-10-09 15:52:58
2,153,50179556.0,2022-10-10 18:42:02
2,155,28350771.0,2022-10-11 10:14:29
2,160,26456845.0,2022-10-12 04:54:26
2,161,62251415.0,2022-10-13 18:30:12
2,166,17560127.0,2022-10-14 03:29:12
2,167,37106555.0,2022-10-15 03:38:51
2,171,64113523.0,2022-10-16 18:34:40
2,174,38217085.0,2022-10-17 16:05:42
2,174,48113457.0,2022-10-18 20:10:38
2,175,14486412.0,2022-10-19 03:58:59
2,174,53427412.0,2022-10-20 16:49:56
2,173,25100922.0,2022-10-21 07:00:24
2,170,36918155.0,2022-10-22 03:45:21
2,165,80080476.0,2022-10-23 19:39:42
2,165,37899674.0,2022-10-24 14:09:17
2,168,40258082.0,2022-10-25 09:56:06
2,168,60296091.0,2022-10-26 20:48:34
2,167,24465267.0,2022-10-27 09:25:00
2,166,42326993.0,2022-10-28 06:43:23
2,162,54320078.0,2022-10-29 10:27:32
2,157,74597348.0,2022-10-30 19:56:45
2,153,34576879.0,2022-10-31 10:43:22
2,149,50981936.0,2022-11-01 08:23:38
2,149,53764909.0,2022-11-02 10:52:18
2,153,42209457.0,2022-11-03 08:16:19
2,157,59630026.0,2022-11-04 18:14:36
2,162,21276152.0,2022-11-05 05:03:35
2,164,57132484.0,2022-11-06 09:21:07
2,164,56964749.0,2022-11-07 12:15:50
2,164,35400481.0,2022-11-08 03:35:10
2,160,92251148.0,2022-11-09 21:20:07
2,157,22300341.0,2022-11-10 06:24:13
2,157,77413682.0,2022-11-11 20:16:58
2,158,21893019.0,2022-11-12 04:51:52
2,161,61884734.0,2022-11-13 10:16:55
2,163,42231301.0,2022-11-14 04:01:42
2,162,50275538.0,2022-11-15 03:32:38
2,161,78148912.0,2022-11-16 17:22:54
2,162,25524015.0,2022-11-17 04:14:12
2,162,51173617.0,2022-11-18 06:13:09
2,162,57704349.0,2022-11-19 12:31:40
2,163,39167310.0,2022-11-20 05:13:26
2,163,47496956.0,2022-11-21 02:47:53
2,164,57749833.0,2022-11-22 08:09:15
2,166,7030037.0,2022-11-23 06:36:26
2,167,34712332.0,2022-11-24 02:32:17
2,168,80031230.0,2022-11-25 20:30:14
2,167,27425159.0,2022-11-26 08:02:58
2,166,52892486.0,2022-11-27 07:14:30
2,166,44216614.0,2022-11-28 02:27:29
2,161,80542752.0,2022-11-29 15:11:29
2,160,50147515.0,2022-11-30 15:18:47
2,158,42383075.0,2022-12-01 08:17:52
2,161,50138069.0,2022-12-02 10:49:59
2,166,33361643.0,2022-12-03 04:32:20
2,172,53939126.0,2022-12-04 10:34:32
2,175,70759324.0,2022-12-05 19:48:31
2,171,37598844.0,2022-12-06 11:52:55
2,170,55766728.0,2022-12-07 15:11:44
2,176,27531852.0,2022-12-08 06:13:52
2,171,70262071.0,2022-12-09 13:48:28
2,171,11683455.0,2022-12-10 19:17:45
2,171,39287311.0,2022-12-11 11:08:22
2,173,43027726.0,2022-12-12 04:07:10
2,176,60535681.0,2022-12-13 10:26:04
2,179,51570062.0,2022-12-14 13:35:51
2,180,39738024.0,2022-12-15 06:12:47
2,176,86464694.0,2022-12-16 18:29:45
2,170,27382600.0,2022-12-17 04:42:29
2,167,83512004.0,2022-12-18 14:34:48
2,168,64217472.0,2022-12-19 17:23:55
2,168,60869907.0,2022-12-20 18:41:08
2,168,57476635.0,2022-12-21 18:53:22
2,168,38563601.0,2022-12-22 10:06:14
2,167,75804891.0,2022-12-23 17:23:25
2,167,40887892.0,2022-12-24 08:22:40
2,165,51148754.0,2022-12-25 04:02:55
2,159,95837267.0,2022-12-26 16:36:53
2,160,44046074.0,2022-12-27 07:14:53
2,159,63717470.0,2022-12-28 05:31:02
2,159,59047748.0,2022-12-29 03:23:16
2,159,72247991.0,2022-12-30 05:05:32
2,158,64100737.0,2022-12-31 05:04:31
2,158,91152774.0,2023-01-01 16:25:25
2,159,51176646.0,2023-01-02 09:51:14
2,160,58309653.0,2023-01-03 05:47:19
2,160,75715709.0,2023-01-04 11:37:31
2,161,66426833.0,2023-01-05 16:21:58
2,166,53568160.0,2023-01-06 17:13:40
2,173,60265881.0,2023-01-07 20:15:06
2,177,64797127.0,2023-01-08 21:52:57
2,177,18209249.0,2023-01-09 04:42:46
2,178,86801809.0,2023-01-10 19:27:01
2,183,38275450.0,2023-01-11 13:37:12
2,176,51537026.0,2023-01-12 11:59:09
2,169,51048809.0,2023-01-13 07:38:54
2,165,75353351.0,2023-01-14 13:34:22
2,167,78917984.0,2023-01-15 17:50:26
2,168,59843499.0,2023-01-16 16:49:13
2,169,60540244.0,2023-01-17 16:55:55
2,172,58762426.0,2023-01-18 18:00:25
2,174,51046271.0,2023-01-19 14:45:50
2,174,41291665.0,2023-01-20 05:11:26
2,173,100153599.0,2023-01-21 19:17:30
2,173,42491426.0,2023-01-22 09:37:30
2,174,65036490.0,2023-01-23 07:00:03
2,173,85255511.0,2023-01-24 16:41:24
2,173,42405555.0,2023-01-25 07:46:51
2,173,14696075.0,2023-01-25 15:48:05
2,173,35044835.0,2023-01-26 03:58:22
2,170,73461795.0,2023-01-27 07:13:03
2,168,78927636.0,2023-01-28 13:47:13
2,168,90655518.0,2023-01-29 20:35:17
2,168,42493285.0,2023-01-30 10:45:42
2,167,80431440.0,2023-01-31 18:32:31
2,166,59147624.0,2023-02-01 16:22:41
2,166,31683528.0,2023-02-02 03:06:00
2,165,76025131.0,2023-02-03 08:10:09
2,160,111373923.0,2023-02-04 21:24:38
2,157,54293953.0,2023-02-05 14:16:30
2,159,91035335.0,2023-02-06 20:22:00
2,159,50307575.0,2023-02-07 13:49:16
2,160,81383912.0,2023-02-08 21:23:20
2,162,19932684.0,2023-02-09 04:59:09
2,160,71685851.0,2023-02-10 07:11:10
2,160,88636024.0,2023-02-11 16:12:05
2,160,92883167.0,2023-02-12 21:57:43
2,160,23537494.0,2023-02-13 05:29:42
2,158,82300286.0,2023-02-14 10:57:38
2,157,70064347.0,2023-02-15 16:10:30
2,157,47758967.0,2023-02-16 10:23:00
2,156,61827331.0,2023-02-17 09:23:25
2,155,101230540.0,2023-02-18 20:51:23
2,154,51996213.0,2023-02-19 13:52:00
2,154,60738295.0,2023-02-20 08:19:58
2,155,62597915.0,2023-02-21 06:25:34
2,157,58172736.0,2023-02-22 07:30:16
2,162,38921515.0,2023-02-23 02:40:35
2,165,74826513.0,2023-02-24 11:39:34
2,164,60252232.0,2023-02-25 12:15:27
2,169,48717404.0,2023-02-26 06:58:25
2,170,82957549.0,2023-02-27 16:46:35
2,170,49212464.0,2023-02-28 11:18:57
2,170,51560523.0,2023-03-01 08:26:36
2,170,60039157.0,2023-03-02 10:54:16
2,169,44361855.0,2023-03-03 03:36:04
2,169,105644320.0,2023-03-04 21:02:31
2,170,49720710.0,2023-03-05 15:48:07
2,171,49623371.0,2023-03-06 08:26:36
2,171,83674195.0,2023-03-07 18:38:34
2,171,55396677.0,2023-03-08 16:26:43
2,171,59287429.0,2023-03-09 17:49:32
2,178,23413267.0,2023-03-10 05:01:50
2,181,55254015.0,2023-03-11 06:17:59
2,184,77794199.0,2023-03-12 14:49:46
2,189,63020311.0,2023-03-13 15:05:10
2,189,67500383.0,2023-03-14 18:06:04
2,186,57422846.0,2023-03-15 17:33:48
2,178,59263983.0,2023-03-16 15:27:05
2,171,42770548.0,2023-03-17 06:26:06
2,164,101547458.0,2023-03-18 20:24:33
2,160,20665706.0,2023-03-19 03:00:45
2,159,104363528.0,2023-03-20 15:51:00
2,159,71452568.0,2023-03-21 18:17:19
2,161,36132285.0,2023-03-22 07:57:16
2,162,59243170.0,2023-03-23 07:53:09
2,162,97443733.0,2023-03-24 21:28:04
2,161,62361914.0,2023-03-25 19:24:02
2,161,46485185.0,2023-03-26 11:22:45
2,162,55859578.0,2023-03-27 04:55:26
2,161,82473537.0,2023-03-28 12:59:41
2,162,48154967.0,2023-03-29 05:15:42
2,163,67208274.0,2023-03-30 07:14:10
2,163,77101624.0,2023-03-31 10:13:32
2,161,68127921.0,2023-04-01 08:41:41
2,161,87903616.0,2023-04-02 13:38:01
2,161,92030100.0,2023-04-03 18:39:18
2,160,65878190.0,2023-04-04 17:32:25
2,159,65716729.0,2023-04-05 17:26:04
2,160,72924792.0,2023-04-06 20:42:33
2,161,19770158.0,2023-04-07 03:43:11
2,160,101659858.0,2023-04-08 17:13:06
2,160,28577156.0,2023-04-09 02:12:58
2,160,80526439.0,2023-04-10 06:00:07
2,160,85581983.0,2023-04-11 14:15:22
2,160,69477498.0,2023-04-12 17:27:44
2,161,30221622.0,2023-04-13 03:43:03
2,160,62475636.0,2023-04-14 03:18:55
2,159,79119145.0,2023-04-15 07:44:59
2,159,101795737.0,2023-04-16 17:35:02
2,159,45576599.0,2023-04-17 08:40:55
2,158,77863965.0,2023-04-18 14:59:33
2,158,54109104.0,2023-04-19 10:45:21
2,158,76344061.0,2023-04-20 15:38:01
2,159,43106338.0,2023-04-21 08:57:21
2,159,83096531.0,2023-04-22 17:08:52
2,158,33012853.0,2023-04-23 03:26:38
2,159,76268305.0,2023-04-24 06:04:51
2,159,58391286.0,2023-04-25 03:32:56
2,160,59388396.0,2023-04-26 04:41:16
2,160,94318054.0,2023-04-27 17:50:39
2,162,36571318.0,2023-04-28 07:57:48
2,163,59607970.0,2023-04-29 07:12:42
2,165,89113838.0,2023-04-30 16:37:38
2,167,44929925.0,2023-05-01 07:59:18
2,169,89844378.0,2023-05-02 19:02:05
2,166,71034413.0,2023-05-03 21:40:52
2,166,50293640.0,2023-05-04 17:55:39
2,165,76053700.0,2023-05-05 21:58:02
2,164,14595262.0,2023-05-06 03:14:52
2,164,108056035.0,2023-05-07 16:18:19
2,166,73301536.0,2023-05-08 17:18:47
2,164,47128891.0,2023-05-09 08:38:35
2,164,59851494.0,2023-05-10 05:28:45
2,163,111162331.0,2023-05-11 21:39:49
2,161,38601083.0,2023-05-12 12:17:02
2,159,78291975.0,2023-05-13 16:33:30
2,158,37152486.0,2023-05-14 04:49:17
2,158,77548637.0,2023-05-15 08:21:46
2,158,93536675.0,2023-05-16 18:20:35
2,158,41045720.0,2023-05-17 09:06:44
2,158,69387427.0,2023-05-18 11:26:01
2,159,51710322.0,2023-05-19 07:13:02
2,160,75826117.0,2023-05-20 13:44:56
2,161,73939584.0,2023-05-21 16:21:29
2,161,61221011.0,2023-05-22 13:54:34
2,161,55631552.0,2023-05-23 11:42:48
2,163,79250895.0,2023-05-24 21:02:31
2,164,43725740.0,2023-05-25 15:25:44
2,166,36128775.0,2023-05-26 04:28:22
2,167,73584773.0,2023-05-27 10:53:20
2,166,72173734.0,2023-05-28 12:38:00
2,166,65149746.0,2023-05-29 09:38:30
2,165,92744203.0,2023-05-30 16:17:03
2,165,34846947.0,2023-05-31 02:53:57
2,167,100952510.0,2023-06-01 21:16:09
2,168,28566966.0,2023-06-02 07:32:30
2,166,82553515.0,2023-06-03 12:14:39
2,166,53775865.0,2023-06-04 04:47:16
2,165,112432884.0,2023-06-05 17:51:13
2,164,43903565.0,2023-06-06 07:27:06
2,164,64970492.0,2023-06-07 07:53:57
2,163,55825952.0,2023-06-08 02:21:43
2,159,95189889.0,2023-06-09 08:53:25
2,158,71433141.0,2023-06-10 10:32:18
2,159,76955209.0,2023-06-11 12:23:59
2,158,86988057.0,2023-06-12 15:34:34
2,158,41139015.0,2023-06-13 03:43:12
2,157,102871417.0,2023-06-14 15:58:22
2,156,57755667.0,2023-06-15 10:56:28
2,157,60652271.0,2023-06-16 09:27:29
2,158,56290319.0,2023-06-17 07:45:41
2,159,82279642.0,2023-06-18 15:27:19
2,160,51547890.0,2023-06-19 09:42:23
2,160,87506716.0,2023-06-20 18:21:34
2,159,48585822.0,2023-06-21 12:07:23
2,159,88269129.0,2023-06-22 21:11:10
2,158,61929079.0,2023-06-23 20:03:42
2,154,47123292.0,2023-06-24 12:11:59
2,154,69869022.0,2023-06-25 12:14:43
2,155,66822671.0,2023-06-26 11:18:48
2,155,72273380.0,2023-06-27 12:35:35
2,157,65857809.0,2023-06-28 17:22:20
2,159,20636341.0,2023-06-29 02:25:40
2,160,78483926.0,2023-06-30 14:25:30
2,163,63844532.0,2023-07-01 16:49:45
2,164,31249733.0,2023-07-02 04:03:22
2,164,88175146.0,2023-07-03 13:14:01
2,164,82416105.0,2023-07-04 20:44:12
2,167,33608469.0,2023-07-05 11:05:52
2,166,52920710.0,2023-07-06 07:36:09
2,162,98864116.0,2023-07-07 18:19:51
2,161,25233488.0,2023-07-08 02:54:42
2,161,66463544.0,2023-07-09 02:49:23
2,161,94378046.0,2023-07-10 14:32:40
2,161,48877086.0,2023-07-11 07:44:38
2,161,77702716.0,2023-07-12 14:18:07
2,160,74850298.0,2023-07-13 17:25:14
2,156,41718052.0,2023-07-14 06:11:10
2,157,103783421.0,2023-07-15 21:43:15
2,161,21864527.0,2023-07-16 06:12:30
2,160,78134306.0,2023-07-17 11:11:40
2,159,74600688.0,2023-07-18 14:13:13
2,158,39937878.0,2023-07-19 03:42:43
2,162,56505613.0,2023-07-20 11:16:07
2,162,49863191.0,2023-07-21 07:14:45
2,162,68449724.0,2023-07-22 12:22:17
2,162,59442634.0,2023-07-23 09:23:13
2,164,52132762.0,2023-07-24 05:28:10
2,167,83911159.0,2023-07-25 19:00:20
2,170,27016574.0,2023-07-26 06:35:51
2,162,29795453.0,2023-07-28 10:43:57
2,159,50870967.0,2023-07-29 08:05:54
2,159,73853507.0,2023-07-30 11:54:43
2,160,41898861.0,2023-07-31 02:41:12
2,162,69757761.0,2023-08-01 07:23:39
2,161,59630436.0,2023-08-02 06:22:55
2,161,56234978.0,2023-08-03 04:03:25
2,162,63228628.0,2023-08-04 08:41:46
2,165,44969315.0,2023-08-05 03:53:04
2,167,70490770.0,2023-08-06 10:47:05
2,169,68001228.0,2023-08-07 15:03:42
2,171,56201465.0,2023-08-08 14:43:05
2,170,65408590.0,2023-08-09 19:31:11
2,171,40228552.0,2023-08-10 13:57:13
2,173,33256672.0,2023-08-11 03:08:45
2,172,73430984.0,2023-08-12 12:04:40
2,168,72035617.0,2023-08-13 15:34:17
2,165,39139262.0,2023-08-14 03:44:42
2,162,79086000.0,2023-08-15 09:28:40
2,160,71513599.0,2023-08-16 13:58:40
2,162,71690104.0,2023-08-17 19:37:38
2,162,33314087.0,2023-08-18 10:14:08
2,163,75134603.0,2023-08-19 16:58:33
2,165,79516727.0,2023-08-20 21:53:21
2,168,27028069.0,2023-08-21 08:45:19
2,171,86821340.0,2023-08-22 20:12:06
2,171,33199129.0,2023-08-23 09:38:11
2,169,84761460.0,2023-08-24 20:12:32
2,165,32872097.0,2023-08-25 08:05:24
2,158,56176220.0,2023-08-28 09:05:07
2,158,51380460.0,2023-08-29 03:12:15
2,156,79848497.0,2023-08-30 07:33:20
2,152,94235346.0,2023-08-31 15:20:38
2,152,62345816.0,2023-09-01 13:08:23
2,154,77321810.0,2023-09-02 16:59:12
2,155,69168309.0,2023-09-03 16:55:58
2,156,35365624.0,2023-09-04 03:51:52
2,155,115333431.0,2023-09-05 17:16:16
2,153,38094626.0,2023-09-06 04:44:22
2,153,76306942.0,2023-09-07 13:28:48
2,152,68316930.0,2023-09-08 16:54:59
2,150,76863152.0,2023-09-09 19:48:59
2,148,55163370.0,2023-09-10 14:48:58
2,147,41647089.0,2023-09-11 03:30:03
2,147,92898318.0,2023-09-12 13:32:44
2,151,73900264.0,2023-09-13 18:02:07
2,154,32685708.0,2023-09-14 06:22:14
2,154,61552467.0,2023-09-15 08:10:18
2,155,60027039.0,2023-09-16 09:36:42
2,155,67224308.0,2023-09-17 11:14:12
2,157,61911225.0,2023-09-18 10:38:02
2,156,74971621.0,2023-09-19 16:41:47
2,155,41706224.0,2023-09-20 06:58:02
2,156,41791191.0,2023-09-21 02:48:21
2,156,63122887.0,2023-09-22 07:38:36
2,157,54455268.0,2023-09-23 07:12:20
2,158,51638731.0,2023-09-24 04:53:07
2,158,56010244.0,2023-09-25 03:58:54
2,159,63033864.0,2023-09-26 06:26:35
2,161,56747229.0,2023-09-27 09:53:58
2,163,53590779.0,2023-09-28 10:34:33
2,162,60019766.0,2023-09-29 13:32:10
2,162,61336783.0,2023-09-30 15:07:55
2,163,57907836.0,2023-10-01 15:01:22
2,166,36787448.0,2023-10-02 04:32:04
2,171,77816029.0,2023-10-03 16:54:36
2,171,46651537.0,2023-10-04 12:41:00
2,172,34112710.0,2023-10-05 02:24:20
2,175,61724089.0,2023-10-06 06:26:48
2,178,57249488.0,2023-10-07 07:11:56
2,180,68198571.0,2023-10-08 10:22:42
2,180,80298458.0,2023-10-09 17:49:46
2,181,56202182.0,2023-10-10 15:55:02
2,180,48494494.0,2023-10-11 13:01:47
2,182,46803945.0,2023-10-12 08:36:39
2,182,48196634.0,2023-10-13 04:26:45
2,180,83638050.0,2023-10-14 16:07:16
2,182,58049213.0,2023-10-15 13:59:26
2,186,54524260.0,2023-10-16 11:29:56
2,186,61170751.0,2023-10-17 10:43:43
2,188,50069227.0,2023-10-18 06:39:31
2,193,87206089.0,2023-10-19 20:43:22
2,194,55056147.0,2023-10-20 20:22:43
2,195,46336705.0,2023-10-21 15:21:25
2,195,31589925.0,2023-10-22 02:50:08
2,193,95821680.0,2023-10-23 15:30:02
2,191,44845291.0,2023-10-24 08:00:44
2,190,54621191.0,2023-10-25 05:17:29
2,191,83974392.0,2023-10-26 18:45:16
2,191,29917125.0,2023-10-27 06:37:40
2,190,75113812.0,2023-10-28 13:16:54
2,188,76844531.0,2023-10-29 16:35:38
2,185,31668822.0,2023-10-30 02:09:55
2,182,89221512.0,2023-10-31 09:27:03
2,176,72654652.0,2023-11-01 10:46:47
2,171,71994525.0,2023-11-02 13:34:36
2,166,67050430.0,2023-11-03 12:43:35
2,160,48630234.0,2023-11-04 04:23:17
2,158,83019898.0,2023-11-05 07:27:34
2,161,98744419.0,2023-11-06 16:01:17
2,163,59173207.0,2023-11-07 12:07:39
2,165,75805763.0,2023-11-08 18:05:44
2,165,70656168.0,2023-11-09 19:22:47
2,166,32699538.0,2023-11-10 06:30:05
2,166,60626564.0,2023-11-11 04:28:59
2,165,74728933.0,2023-11-12 07:44:27
2,164,65916335.0,2023-11-13 05:35:37
2,163,107688099.0,2023-11-14 20:14:35
2,160,38127121.0,2023-11-15 08:27:33
2,158,83208135.0,2023-11-16 20:19:12
2,156,20032795.0,2023-11-17 03:21:00
2,153,103811545.0,2023-11-18 18:30:20
2,154,65864676.0,2023-11-19 18:47:51
2,155,39503057.0,2023-11-20 09:03:56
2,155,81081380.0,2023-11-21 19:02:19
2,154,41148868.0,2023-11-22 13:06:27
2,154,35090640.0,2023-11-23 04:12:23
2,154,77153874.0,2023-11-24 17:12:02
2,154,24949839.0,2023-11-25 02:40:51
2,152,39560851.0,2023-12-07 14:35:24
2,152,54140223.0,2023-12-08 13:47:29
2,150,72587933.0,2023-12-09 18:31:27
2,150,70611020.0,2023-12-10 20:55:47
2,150,25112059.0,2023-12-11 05:30:56
2,149,51883769.0,2023-12-12 02:02:38
2,150,74850968.0,2023-12-13 10:10:32
2,151,63011138.0,2023-12-14 13:04:11
2,151,52925552.0,2023-12-15 08:49:55
2,151,70684452.0,2023-12-16 13:53:42
2,153,40897044.0,2023-12-17 04:13:30
2,156,72991999.0,2023-12-18 09:44:16
2,157,80344387.0,2023-12-19 18:04:51
2,158,30027666.0,2023-12-20 06:21:48
2,158,87959510.0,2023-12-21 19:51:38
2,160,28756328.0,2023-12-22 07:50:10
2,159,91552839.0,2023-12-23 20:12:18
2,159,49262035.0,2023-12-24 13:43:03
2,159,52374197.0,2023-12-25 09:13:10
2,157,61477767.0,2023-12-26 08:44:04
2,156,84526583.0,2023-12-27 16:08:47
2,156,68624838.0,2023-12-28 16:43:57
2,157,52704761.0,2023-12-29 10:36:13
2,158,84408727.0,2023-12-30 18:33:21
2,158,49762433.0,2023-12-31 12:55:01
2,156,69471710.0,2024-01-01 13:15:05
2,156,59901313.0,2024-01-02 07:43:37
2,156,96046232.0,2024-01-03 18:10:35
2,158,69182415.0,2024-01-04 20:37:00
2,158,31468583.0,2024-01-05 07:12:15
2,157,78552276.0,2024-01-06 10:41:46
2,157,103698705.0,2024-01-07 19:53:52
2,156,60015016.0,2024-01-08 15:37:07
2,157,77374586.0,2024-01-09 17:23:08
2,158,70633381.0,2024-01-10 21:15:13
2,159,43284581.0,2024-01-11 13:28:46
2,158,36425176.0,2024-01-12 02:01:35
2,159,116289459.0,2024-01-13 19:35:21
2,160,30478175.0,2024-01-14 04:44:24
2,160,79773356.0,2024-01-15 08:03:29
2,162,89573743.0,2024-01-16 17:30:32
2,163,58372815.0,2024-01-17 16:05:40
2,165,34449182.0,2024-01-18 04:18:37
2,163,95340818.0,2024-01-19 18:27:37
2,164,35651903.0,2024-01-20 06:45:00
2,165,88253910.0,2024-01-21 15:02:49
2,167,69993293.0,2024-01-22 19:07:36
2,169,23381090.0,2024-01-23 04:30:42
2,171,63397865.0,2024-01-24 05:59:56
2,172,77993819.0,2024-01-25 18:55:50
2,173,31380908.0,2024-01-26 07:33:48
2,171,67659493.0,2024-01-27 10:09:49
2,170,54454454.0,2024-01-28 05:35:35
2,172,67236132.0,2024-01-29 06:06:34
2,173,68583754.0,2024-01-30 08:54:07
2,173,46954322.0,2024-01-31 05:36:38
2,172,50814605.0,2024-02-01 03:49:30
2,172,57942323.0,2024-02-02 02:20:14
2,171,65780886.0,2024-02-03 02:34:11
2,171,88362785.0,2024-02-04 10:02:45
2,169,83959846.0,2024-02-05 15:09:04
2,170,72876666.0,2024-02-06 20:09:32
2,170,18419586.0,2024-02-07 02:39:00
2,171,64518485.0,2024-02-08 05:17:32
2,171,71536130.0,2024-02-09 08:30:10
2,171,76314197.0,2024-02-10 13:17:34
2,170,85806778.0,2024-02-11 17:13:34
2,170,81587375.0,2024-02-12 21:16:38
2,171,28300849.0,2024-02-13 07:19:45
2,171,72381941.0,2024-02-14 10:22:11
2,176,39174395.0,2024-02-15 07:02:48
2,176,48856765.0,2024-02-16 03:09:55
2,177,52166051.0,2024-02-17 02:00:40
2,183,92046641.0,2024-02-18 17:48:23
2,188,58618653.0,2024-02-19 16:04:51
2,192,59969983.0,2024-02-20 16:55:40
2,196,35649657.0,2024-02-21 07:24:51
2,202,64014805.0,2024-02-22 15:08:12
2,209,57659896.0,2024-02-23 17:42:47
2,208,57212884.0,2024-02-24 15:14:23
2,206,38208783.0,2024-02-25 03:35:53
2,201,81100897.0,2024-02-26 07:46:44
2,198,58460550.0,2024-02-27 04:38:40
2,199,62229780.0,2024-02-28 08:48:18
2,204,49821839.0,2024-02-29 06:05:11
2,202,79294731.0,2024-03-01 11:59:53
2,197,61690748.0,2024-03-02 08:01:07
2,196,73848652.0,2024-03-03 09:33:49
2,197,55401339.0,2024-03-04 03:35:50
2,196,70262055.0,2024-03-05 04:44:41
2,192,115418206.0,2024-03-06 21:50:28
2,187,40554459.0,2024-03-07 11:42:30
2,180,81380897.0,2024-03-08 15:45:57
2,176,77570257.0,2024-03-09 17:04:25
2,172,64023107.0,2024-03-10 12:28:05
2,170,84960395.0,2024-03-11 14:02:02
2,168,92912085.0,2024-03-12 21:08:59
2,170,23313895.0,2024-03-13 04:00:43
2,169,87773027.0,2024-03-14 09:44:36
2,166,57826057.0,2024-03-15 02:51:50
2,164,88104090.0,2024-03-16 06:40:41
2,163,78992468.0,2024-03-17 06:02:05
2,163,81742834.0,2024-03-18 06:18:56
2,163,82959259.0,2024-03-19 08:38:59
2,163,89117792.0,2024-03-20 13:42:56
2,160,53894757.0,2024-03-21 07:42:39
2,155,96015252.0,2024-03-22 14:43:32
2,152,102263716.0,2024-03-23 21:18:32
2,154,19649423.0,2024-03-24 03:02:17
2,156,118448299.0,2024-03-25 17:36:55
2,158,44532580.0,2024-03-26 08:02:49
2,162,80242031.0,2024-03-27 19:28:00
2,164,42489910.0,2024-03-28 11:16:22
2,164,100694220.0,2024-03-29 20:16:30
2,165,73791749.0,2024-03-30 19:11:03
2,165,68632772.0,2024-03-31 16:59:11
2,166,41369708.0,2024-04-01 04:44:03
2,165,82185114.0,2024-04-02 05:41:11
2,164,103229720.0,2024-04-03 16:22:07
2,164,78937141.0,2024-04-04 16:31:33
2,164,63405117.0,2024-04-05 13:05:16
2,165,54904213.0,2024-04-06 04:51:49
2,167,84016465.0,2024-04-07 07:57:31
2,172,60699837.0,2024-04-08 04:19:19
2,176,64134046.0,2024-04-09 04:54:32
2,181,72971867.0,2024-04-10 10:54:25
2,188,76955275.0,2024-04-11 18:20:52
2,190,25059945.0,2024-04-12 03:01:01
2,193,83951864.0,2024-04-13 09:57:06
2,195,56025969.0,2024-04-14 04:14:33
2,195,108710180.0,2024-04-15 18:35:45
2,196,72278840.0,2024-04-16 20:02:31
2,194,62827829.0,2024-04-17 18:49:28
2,192,39931146.0,2024-04-18 07:57:58
2,191,77103787.0,2024-04-19 10:20:18
2,190,66417934.0,2024-04-20 07:56:43
2,189,111488112.0,2024-04-21 19:46:27
2,190,53906487.0,2024-04-22 14:38:32
2,193,54203506.0,2024-04-23 09:36:07
2,197,59205656.0,2024-04-24 10:00:13
2,197,53470720.0,2024-04-25 04:24:20
2,192,87529277.0,2024-04-26 09:25:59
2,188,108999979.0,2024-04-27 18:20:23
2,185,84675389.0,2024-04-28 19:33:57
2,184,46331623.0,2024-04-29 09:25:18
2,183,65139666.0,2024-04-30 06:06:14
2,182,74508064.0,2024-05-01 05:49:03
2,179,99377301.0,2024-05-02 14:47:58
2,174,90655471.0,2024-05-03 19:50:46
2,174,36003434.0,2024-05-08 07:50:02
2,174,59854575.0,2024-05-09 05:03:27
2,174,84212391.0,2024-05-10 08:54:18
2,177,69198781.0,2024-05-11 08:40:36
2,180,97906263.0,2024-05-12 17:44:37
2,181,55565585.0,2024-05-13 10:52:56
2,180,101326353.0,2024-05-14 21:15:07
2,181,19560764.0,2024-05-15 03:19:15
2,183,61265798.0,2024-05-16 02:04:39
2,187,98020634.0,2024-05-17 15:09:41
2,190,66553330.0,2024-05-18 13:07:49
2,190,62527551.0,2024-05-19 07:40:36
2,190,119849803.0,2024-05-20 21:35:45
2,190,65643469.0,2024-05-21 18:42:01
2,187,68989069.0,2024-05-22 16:02:33
2,183,40195540.0,2024-05-23 02:53:55
2,185,74820033.0,2024-05-24 15:01:58
2,188,64035837.0,2024-05-25 15:35:09
2,187,42752861.0,2024-05-26 05:08:51
2,185,118491813.0,2024-05-27 18:01:41
2,185,62351114.0,2024-05-28 14:04:32
2,185,40715394.0,2024-05-29 02:03:33
2,183,81202839.0,2024-05-30 05:28:04
2,181,105130887.0,2024-05-31 16:36:16
2,179,80353858.0,2024-06-01 18:18:52
2,177,28291786.0,2024-06-02 02:41:19
2,176,127224572.0,2024-06-03 17:51:12
2,175,37117333.0,2024-06-04 05:05:39
2,173,104111770.0,2024-06-05 17:15:54
2,174,65726514.0,2024-06-06 15:26:35
2,176,91660691.0,2024-06-07 21:00:28
2,176,54459995.0,2024-06-08 14:38:07
2,179,89365118.0,2024-06-09 19:29:21
2,183,23339143.0,2024-06-10 02:50:24
2,184,118274432.0,2024-06-11 20:20:13
2,187,54891825.0,2024-06-12 17:13:27
2,191,83092922.0,2024-06-14 15:01:53
2,192,48778304.0,2024-06-15 06:59:45
2,195,79215650.0,2024-06-16 10:13:30
2,201,56976612.0,2024-06-17 05:11:38
2,204,65264768.0,2024-06-18 02:30:06
2,212,106613941.0,2024-06-19 21:13:04
2,219,62775850.0,2024-06-20 18:57:39
2,218,56850649.0,2024-06-21 15:43:16
2,219,87436655.0,2024-06-22 21:00:15
2,219,19834326.0,2024-06-23 02:51:56
2,217,88353343.0,2024-06-24 06:08:45
2,212,74196389.0,2024-06-25 05:21:07
2,204,89120109.0,2024-06-26 09:25:01
2,208,84180155.0,2024-06-27 19:07:00
2,210,63490381.0,2024-06-28 19:03:22
2,219,54015547.0,2024-06-29 17:07:48
2,228,51826887.0,2024-06-30 12:24:04
2,238,48573114.0,2024-07-01 04:17:16
2,246,79187820.0,2024-07-02 10:34:47
2,258,54872125.0,2024-07-03 12:00:33
2,270,40657888.0,2024-07-04 04:03:04
2,282,74958311.0,2024-07-05 10:01:46
2,292,90129745.0,2024-07-06 18:40:24
2,292,71906151.0,2024-07-07 18:49:45
2,292,37243239.0,2024-07-08 06:10:40
2,290,68341091.0,2024-07-09 05:28:16
2,288,85506460.0,2024-07-10 20:15:10
2,283,38192476.0,2024-07-11 11:17:48
2,277,50574279.0,2024-07-12 05:25:18
2,270,69211781.0,2024-07-13 06:21:54
2,260,81102957.0,2024-07-14 10:10:29
2,247,79469788.0,2024-07-15 13:47:52
2,235,71198464.0,2024-07-16 17:05:44
2,236,47166744.0,2024-07-17 09:52:51
2,240,70456118.0,2024-07-18 13:43:19
2,241,60928626.0,2024-07-19 12:02:37
2,242,89410498.0,2024-07-20 20:27:38
2,242,30769903.0,2024-07-21 07:25:00
2,244,109508314.0,2024-07-22 21:52:48
2,243,25150996.0,2024-07-23 06:49:17
2,242,90425064.0,2024-07-24 20:05:30
2,239,70778028.0,2024-07-25 21:39:08
2,235,15355901.0,2024-07-26 02:42:13
2,232,112980310.0,2024-07-27 19:32:58
2,231,45734431.0,2024-07-28 11:02:56
2,232,59627835.0,2024-07-29 06:01:48
2,229,76386045.0,2024-07-30 09:11:22
2,229,79508233.0,2024-07-31 16:51:03
2,229,76452584.0,2024-08-01 21:45:48
2,229,40731665.0,2024-08-02 14:57:24
2,232,61540333.0,2024-08-03 14:20:19
2,236,51787740.0,2024-08-04 08:02:15
2,241,91933883.0,2024-08-05 17:51:50
2,248,73524314.0,2024-08-06 21:14:07
2,251,49783517.0,2024-08-07 17:27:39
2,252,32205426.0,2024-08-08 04:10:27
2,253,84717857.0,2024-08-09 12:36:45
2,252,45622067.0,2024-08-10 03:35:20
2,247,73584239.0,2024-08-11 02:16:47
2,239,102898262.0,2024-08-12 10:17:54
2,236,59687311.0,2024-08-13 05:10:47
2,234,81656516.0,2024-08-14 11:36:23
2,236,47913581.0,2024-08-15 07:01:54
2,237,77799112.0,2024-08-16 13:24:57
2,240,73463863.0,2024-08-17 16:41:17
2,243,77102227.0,2024-08-18 18:02:31
2,247,45886863.0,2024-08-19 09:29:41
2,246,68287750.0,2024-08-20 08:02:45
2,241,99967795.0,2024-08-21 15:45:41
2,236,62274395.0,2024-08-22 09:07:02
2,225,105702921.0,2024-08-23 15:46:32
2,213,60275073.0,2024-08-24 08:22:32
2,202,137554754.0,2024-08-25 20:16:01
2,193,25786500.0,2024-08-26 02:19:57
2,190,114484978.0,2024-08-27 10:40:29
2,188,91993779.0,2024-08-28 11:29:46
2,193,85450389.0,2024-08-29 09:59:40
2,193,123961622.0,2024-08-30 18:15:14
2,195,95226285.0,2024-08-31 19:35:10
2,201,84250070.0,2024-09-01 19:43:33
2,207,38805629.0,2024-09-02 06:13:02
2,212,88072669.0,2024-09-03 07:50:49
2,221,59643831.0,2024-09-04 07:08:25
2,231,109303515.0,2024-09-05 21:41:12
2,237,31661113.0,2024-09-06 08:23:21
2,240,73122738.0,2024-09-07 10:09:26
2,239,95525987.0,2024-09-08 16:10:35
2,235,65768866.0,2024-09-09 11:35:02
2,231,57752643.0,2024-09-10 05:40:43
2,230,69786939.0,2024-09-11 06:28:01
2,232,70498826.0,2024-09-12 12:08:01
2,229,71352379.0,2024-09-13 14:03:13
2,223,96865812.0,2024-09-14 21:36:02
2,223,29112956.0,2024-09-15 06:33:11
2,221,64025915.0,2024-09-16 02:35:09
2,214,121534686.0,2024-09-17 17:58:16
2,204,34667545.0,2024-09-18 03:42:25
2,196,97099300.0,2024-09-19 10:14:51
2,190,81832106.0,2024-09-20 09:23:14
2,192,71718477.0,2024-09-21 06:46:44
2,197,103574140.0,2024-09-22 17:06:19
2,202,58247764.0,2024-09-23 13:14:29
2,208,93178588.0,2024-09-24 21:47:11
2,214,21193957.0,2024-09-25 05:10:37
2,210,102686912.0,2024-09-26 20:31:10
2,208,35979410.0,2024-09-27 09:54:30
2,211,73589248.0,2024-09-28 12:51:46
2,212,43084132.0,2024-09-29 02:25:29
2,218,104978196.0,2024-09-30 16:40:32
2,217,44342572.0,2024-10-01 07:54:22
2,221,76983048.0,2024-10-02 18:46:26
2,224,69973085.0,2024-10-03 21:02:40
2,224,45967849.0,2024-10-04 14:58:53
2,224,53268250.0,2024-10-05 09:24:17
2,227,110143761.0,2024-10-06 20:32:51
2,228,57512047.0,2024-10-07 16:22:22
2,225,38895928.0,2024-10-08 03:47:26
2,220,95492111.0,2024-10-09 12:00:57
2,211,73964428.0,2024-10-10 11:32:35
2,203,92109048.0,2024-10-11 17:11:26
2,203,92074643.0,2024-10-12 21:58:42
2,208,61080001.0,2024-10-13 18:50:49
2,212,76392860.0,2024-10-14 20:12:02
2,213,42177206.0,2024-10-15 10:34:47
2,216,54234738.0,2024-10-16 05:07:38
2,223,91339044.0,2024-10-17 21:34:29
2,223,25959423.0,2024-10-18 07:19:44
2,223,83558590.0,2024-10-19 15:10:38
2,224,90481895.0,2024-10-20 20:18:32
2,218,52991656.0,2024-10-21 13:01:40
2,218,61719996.0,2024-10-22 09:56:23
2,219,77101756.0,2024-10-23 14:42:38
2,220,66279006.0,2024-10-24 15:31:31
2,218,69882201.0,2024-10-25 17:26:57
2,227,64609856.0,2024-10-26 19:05:19
2,236,53817605.0,2024-10-27 16:55:29
2,238,34063230.0,2024-10-28 03:53:38
2,233,105816186.0,2024-10-29 18:09:02
2,241,48818178.0,2024-10-30 15:00:32
2,248,41584693.0,2024-10-31 07:43:32
2,256,57342911.0,2024-11-01 06:43:48
2,245,67911295.0,2024-11-02 08:09:43
2,234,68439238.0,2024-11-03 07:24:17
2,223,105133732.0,2024-11-04 19:35:35
2,213,38589821.0,2024-11-05 08:54:29
2,204,49758847.0,2024-11-06 02:01:07
2,197,86558687.0,2024-11-07 10:08:30
2,193,55454841.0,2024-11-08 06:51:12
2,202,67972907.0,2024-11-09 13:50:29
2,211,62374150.0,2024-11-10 11:48:04
2,209,82081810.0,2024-11-11 16:13:25
2,207,38738663.0,2024-11-12 04:24:01
2,204,79442210.0,2024-11-13 14:14:47
2,209,48500851.0,2024-11-14 11:11:54
2,211,56983575.0,2024-11-15 10:34:22
2,204,88239423.0,2024-11-16 18:30:13
2,198,83357528.0,2024-11-17 21:59:08
2,197,67782785.0,2024-11-18 21:50:54
2,198,40239670.0,2024-11-19 13:41:18
2,196,61706497.0,2024-11-20 12:23:36
2,199,59853100.0,2024-11-21 15:35:57
2,197,60799358.0,2024-11-22 14:58:05
2,196,34896361.0,2024-11-23 03:37:57
2,195,91598056.0,2024-11-24 12:36:31
2,194,98320954.0,2024-11-25 20:42:41
2,189,45510683.0,2024-11-26 12:23:14
2,187,83973091.0,2024-11-27 20:41:05
2,190,21419417.0,2024-11-28 06:01:12
2,191,82902867.0,2024-11-29 20:42:58
2,188,38202733.0,2024-11-30 12:51:14
2,182,58979614.0,2024-12-01 11:31:30
2,179,86559342.0,2024-12-02 21:59:33
2,175,15039307.0,2024-12-03 02:57:55
2,173,106156072.0,2024-12-04 21:49:45
2,174,52679311.0,2024-12-05 17:57:07
2,174,63964888.0,2024-12-06 19:19:32
2,172,65226186.0,2024-12-07 19:09:08
2,172,32826448.0,2024-12-08 05:59:09
2,174,97024749.0,2024-12-09 18:54:34
2,174,25197094.0,2024-12-10 03:24:43
2,175,90545272.0,2024-12-11 17:39:28
2,177,38486932.0,2024-12-12 07:14:05
2,181,76477903.0,2024-12-13 13:59:43
2,183,42870420.0,2024-12-14 05:28:54
2,183,76715126.0,2024-12-15 10:20:01
2,184,78205783.0,2024-12-16 15:20:30
2,184,50799497.0,2024-12-17 11:38:02
2,185,37282482.0,2024-12-18 02:50:41
2,185,72466288.0,2024-12-19 06:31:55
2,185,78444952.0,2024-12-20 13:03:41
2,184,73734887.0,2024-12-21 15:45:18
2,185,44016917.0,2024-12-22 06:43:48
2,185,56243773.0,2024-12-23 03:08:58
2,187,88023649.0,2024-12-24 13:12:17
2,191,50682957.0,2024-12-25 11:04:30
2,191,64646081.0,2024-12-26 12:36:27
2,191,90411407.0,2024-12-27 21:01:43
2,192,19225262.0,2024-12-28 03:09:47
2,192,82479198.0,2024-12-29 08:58:52
2,192,93610522.0,2024-12-30 16:49:06
2,193,38440477.0,2024-12-31 05:16:20
2,192,97847763.0,2025-01-01 19:09:46
2,193,51311008.0,2025-01-02 13:32:17
2,194,64936745.0,2025-01-03 12:52:43
2,194,89858477.0,2025-01-04 19:51:36
2,194,42909429.0,2025-01-05 09:52:17
2,200,87452523.0,2025-01-06 20:16:19
2,203,33050631.0,2025-01-07 08:09:07
2,202,69056411.0,2025-01-08 11:42:38
2,202,54484892.0,2025-01-09 09:43:59
2,204,49649644.0,2025-01-10 03:55:46
2,206,77879033.0,2025-01-11 08:39:22
2,206,82297569.0,2025-01-12 12:25:50
2,208,44983122.0,2025-01-13 02:01:20
2,210,65783524.0,2025-01-14 02:12:30
2,211,84788685.0,2025-01-15 10:15:13
2,214,64952941.0,2025-01-16 20:34:53
2,216,45752254.0,2025-01-17 18:49:11
2,215,39774887.0,2025-01-18 09:14:56
2,215,49099630.0,2025-01-19 02:45:04
2,214,90032886.0,2025-01-20 10:36:39
2,215,52945765.0,2025-01-21 05:14:31
2,215,74955609.0,2025-01-22 08:10:19
2,215,51818992.0,2025-01-23 04:23:50
2,214,83041530.0,2025-01-24 10:46:21
2,212,47839613.0,2025-01-25 02:24:18
2,209,95445727.0,2025-01-26 10:00:10
2,205,71794659.0,2025-01-27 07:01:02
2,201,117581539.0,2025-01-28 19:58:48
2,199,31983900.0,2025-01-29 05:40:35
2,202,49189782.0,2025-01-30 03:21:43
2,204,66092691.0,2025-01-31 03:57:20
2,203,114055993.0,2025-02-01 20:42:40
2,204,37109332.0,2025-02-02 09:48:41
2,204,73433479.0,2025-02-03 09:52:24
2,203,65963441.0,2025-02-04 07:35:49
2,202,55971760.0,2025-02-05 04:41:57
2,199,91946671.0,2025-02-06 16:37:28
2,193,75192836.0,2025-02-07 19:06:24
2,188,51363293.0,2025-02-08 10:31:54
2,183,62152309.0,2025-02-09 03:05:48
2,187,119765210.0,2025-02-10 19:41:54
2,185,35810285.0,2025-02-11 05:52:51
2,186,104370285.0,2025-02-12 19:49:48
2,189,68869146.0,2025-02-13 20:51:34
2,189,57574923.0,2025-02-14 17:36:08
2,189,32793112.0,2025-02-15 04:53:04
2,190,107594702.0,2025-02-16 17:26:18
2,193,67821924.0,2025-02-17 16:17:36
2,195,31728674.0,2025-02-18 02:11:20
2,196,71058036.0,2025-02-19 12:49:09
2,202,43887996.0,2025-02-20 11:21:21
2,200,81853367.0,2025-02-21 21:01:01
2,195,71240769.0,2025-02-22 21:45:54
2,195,25631536.0,2025-02-23 06:39:12
2,194,57792003.0,2025-02-24 02:03:01
2,195,66899523.0,2025-02-25 03:02:37
2,197,79674174.0,2025-02-26 10:16:36
2,199,53489321.0,2025-02-27 08:04:46
2,198,75302906.0,2025-02-28 16:28:09
2,198,60165028.0,2025-03-01 16:14:38
2,198,38859477.0,2025-03-02 03:07:09
2,195,96885128.0,2025-03-03 08:53:24
2,196,98072060.0,2025-03-04 18:02:42
2,196,56284138.0,2025-03-05 13:08:38
2,197,54308201.0,2025-03-06 07:47:11
2,197,103687578.0,2025-03-07 19:45:07
2,198,30548442.0,2025-03-08 05:15:04
2,197,73705520.0,2025-03-09 04:50:14
2,198,69714116.0,2025-03-10 03:17:31
2,203,83226579.0,2025-03-11 15:43:34
2,206,43244390.0,2025-03-12 08:32:05
2,207,93633380.0,2025-03-13 20:53:57
2,208,18950878.0,2025-03-14 03:05:09
2,209,65400005.0,2025-03-15 03:06:41
2,210,84533247.0,2025-03-16 08:12:56
2,209,93054280.0,2025-03-17 13:29:19
2,206,61327619.0,2025-03-18 08:20:34
2,205,94448964.0,2025-03-19 18:16:10
2,209,38252854.0,2025-03-20 08:07:39
2,210,50668607.0,2025-03-21 02:03:50
2,211,76488934.0,2025-03-22 05:56:29
2,212,67626758.0,2025-03-23 04:47:30
2,213,106006197.0,2025-03-24 15:34:17
2,213,56830462.0,2025-03-25 10:26:52
2,214,73727809.0,2025-03-26 12:28:45
2,217,46087584.0,2025-03-27 04:26:00
2,218,69775893.0,2025-03-28 05:30:27
2,216,92059766.0,2025-03-29 13:30:20
2,215,82097088.0,2025-03-30 16:30:45
2,218,50655382.0,2025-03-31 11:14:58
2,219,62814638.0,2025-04-01 11:14:09
2,221,66870528.0,2025-04-02 14:05:39
2,228,58518842.0,2025-04-03 17:19:46
2,235,38826036.0,2025-04-04 12:50:28
2,244,63138628.0,2025-04-05 17:37:06
2,254,53940667.0,2025-04-06 14:48:01
2,263,42301087.0,2025-04-07 06:37:12
2,270,81918420.0,2025-04-08 17:07:57
2,273,48842818.0,2025-04-09 19:26:12
2,277,39616829.0,2025-04-10 15:49:45
2,286,34846609.0,2025-04-11 08:13:36
2,289,42841459.0,2025-04-12 02:46:00
2,291,78276542.0,2025-04-13 11:33:43
2,299,55410374.0,2025-04-14 09:01:44
2,311,68976909.0,2025-04-15 15:33:12
2,321,28999225.0,2025-04-16 02:38:42
2,329,63477103.0,2025-04-17 07:18:58
2,337,59539855.0,2025-04-18 07:16:04
2,322,64035378.0,2025-04-19 06:13:16
2,305,55175650.0,2025-04-20 02:11:05
2,289,103740779.0,2025-04-21 16:44:35
2,274,44315907.0,2025-04-22 08:14:52
2,263,64757119.0,2025-04-23 09:13:14
2,254,51034141.0,2025-04-24 06:32:28
2,250,91977302.0,2025-04-25 17:27:26
2,244,26637036.0,2025-04-26 02:19:32
2,237,96745382.0,2025-04-27 11:03:31
2,227,55983843.0,2025-04-28 04:20:40
2,221,98547549.0,2025-04-29 17:19:38
2,220,37776421.0,2025-04-30 07:57:25
2,227,81637646.0,2025-05-01 17:54:57
2,235,69164454.0,2025-05-02 20:50:39
2,236,39455830.0,2025-05-03 11:19:06
2,237,101954576.0,2025-05-04 21:39:08
2,243,19168678.0,2025-05-05 03:55:20
2,243,104911578.0,2025-05-06 17:27:00
2,248,39594560.0,2025-05-07 06:56:19
2,250,94622528.0,2025-05-08 18:34:53
2,254,65709562.0,2025-05-09 19:40:47
2,256,25842482.0,2025-05-10 04:58:38
2,259,75728199.0,2025-05-11 09:19:41
2,259,60459999.0,2025-05-12 05:43:23
2,249,117096388.0,2025-05-13 20:49:16
2,237,43966918.0,2025-05-14 12:28:32
2,225,52901246.0,2025-05-15 05:17:22
2,213,108317310.0,2025-05-16 17:13:46
2,202,56131560.0,2025-05-17 09:41:02
2,197,74234063.0,2025-05-18 06:53:23
2,195,81356668.0,2025-05-19 05:53:53
2,193,96117175.0,2025-05-20 09:05:48
2,192,91150852.0,2025-05-21 11:48:08
2,191,99896250.0,2025-05-22 17:58:39
2,191,59970085.0,2025-05-23 12:42:21
2,188,100257369.0,2025-05-24 16:05:33
2,187,49814504.0,2025-05-25 04:55:39
2,188,89953446.0,2025-05-26 05:06:46
2,190,86389755.0,2025-05-27 05:03:46
2,190,114237762.0,2025-05-28 16:58:34
2,194,55283256.0,2025-05-29 12:23:58
2,194,92370597.0,2025-05-30 17:50:24
2,193,75895688.0,2025-05-31 17:32:45
2,197,41639444.0,2025-06-01 06:29:45
2,201,85948574.0,2025-06-02 09:02:13
2,206,69100944.0,2025-06-03 13:05:59
2,214,54624613.0,2025-06-04 12:15:22
2,222,77870284.0,2025-06-05 17:19:21
2,223,86710006.0,2025-06-06 21:25:31
2,220,76194076.0,2025-06-07 20:25:49
2,218,78651112.0,2025-06-08 19:34:32
2,217,35357327.0,2025-06-09 05:58:09
2,216,92603086.0,2025-06-10 11:03:22
2,214,70740211.0,2025-06-11 08:56:22
2,215,50789430.0,2025-06-12 04:54:45
2,212,87915089.0,2025-06-13 09:32:07
2,203,70040954.0,2025-06-14 06:14:35
2,197,108715352.0,2025-06-15 15:29:47
2,200,94345126.0,2025-06-16 20:49:52
2,200,29165980.0,2025-06-17 05:41:08
2,199,87716062.0,2025-06-18 10:17:02
2,199,80079589.0,2025-06-19 13:58:37
2,203,44900647.0,2025-06-20 04:36:40
2,208,87296826.0,2025-06-21 11:53:20
2,212,60286483.0,2025-06-22 06:14:56
2,216,68006196.0,2025-06-23 03:10:42
2,222,69219268.0,2025-06-24 02:59:15
2,217,128702839.0,2025-06-25 19:14:53
2,209,36345445.0,2025-06-26 05:10:41
2,204,88930866.0,2025-06-27 07:39:58
2,205,114441957.0,2025-06-28 17:04:26
2,203,62322073.0,2025-06-29 10:54:06
2,205,94438548.0,2025-06-30 14:24:49
2,205,47603559.0,2025-07-01 03:38:14
2,206,109715898.0,2025-07-02 15:38:41
2,207,76561877.0,2025-07-03 16:22:51
2,206,49835558.0,2025-07-04 06:47:38
2,205,66132047.0,2025-07-05 03:48:37
2,205,132775421.0,2025-07-06 18:19:51
2,205,50647472.0,2025-07-07 08:05:25
2,205,101992105.0,2025-07-08 13:52:52
2,205,101283996.0,2025-07-09 21:42:17
2,207,25667493.0,2025-07-10 06:47:23
2,205,86456037.0,2025-07-11 08:59:51
2,204,124074700.0,2025-07-12 21:56:54
2,203,77011861.0,2025-07-13 20:08:24
2,203,85319195.0,2025-07-14 21:32:20
2,202,43350983.0,2025-07-15 11:38:22
2,203,99436152.0,2025-07-16 18:09:27
2,202,56738302.0,2025-07-17 11:22:52
2,202,59153849.0,2025-07-18 04:53:39
2,201,91035046.0,2025-07-19 07:43:42
2,200,118823088.0,2025-07-20 16:09:53
2,199,95446285.0,2025-07-21 17:05:27
2,199,86588103.0,2025-07-22 16:20:06
2,199,74412093.0,2025-07-23 14:54:50
2,198,55898644.0,2025-07-24 05:20:22
2,194,125120566.0,2025-07-25 15:04:52
2,189,96551000.0,2025-07-26 15:37:16
2,184,48092878.0,2025-07-27 02:40:18
2,182,151833605.0,2025-07-28 15:50:45
2,185,101695040.0,2025-07-29 16:50:22
2,188,106290108.0,2025-07-30 21:07:01
2,192,22164816.0,2025-07-31 02:45:51
2,189,116574376.0,2025-08-01 09:03:29
2,187,142349426.0,2025-08-02 20:06:54
2,187,56639544.0,2025-08-03 09:28:55
2,187,110210031.0,2025-08-04 10:05:25
2,186,105105598.0,2025-08-05 09:43:20
2,184,90148176.0,2025-08-06 05:43:27
2,187,59984890.0,2025-08-07 06:34:39
2,191,86741761.0,2025-08-08 10:26:54
2,187,109398907.0,2025-08-09 14:58:56
2,183,108603398.0,2025-08-10 16:38:03
2,178,126765009.0,2025-08-11 21:27:16
2,173,40968154.0,2025-08-12 07:06:31
2,170,96151742.0,2025-08-13 06:12:08
2,169,117965015.0,2025-08-14 13:03:28
2,167,132011147.0,2025-08-15 19:29:10
2,168,64623645.0,2025-08-16 10:07:26
2,168,134603789.0,2025-08-17 16:45:56
2,171,97584885.0,2025-08-18 15:28:57
2,175,67552655.0,2025-08-19 11:08:27
2,179,63080884.0,2025-08-20 05:03:51
2,183,100390242.0,2025-08-21 09:47:02
2,183,72548844.0,2025-08-22 03:37:29
2,183,97420373.0,2025-08-23 04:10:08
2,184,153487073.0,2025-08-24 16:58:34
2,187,66199207.0,2025-08-25 09:14:07
2,186,95555477.0,2025-08-26 10:18:41
2,186,107168448.0,2025-08-27 13:00:19
2,186,119896217.0,2025-08-28 18:10:24
2,185,110724857.0,2025-08-29 21:02:13
2,184,52885804.0,2025-08-30 08:18:52
2,187,149775595.0,2025-08-31 16:23:35
2,191,62170103.0,2025-09-01 05:35:43
2,192,128016527.0,2025-09-02 09:05:17
2,196,121481074.0,2025-09-03 14:22:00
2,196,98504166.0,2025-09-04 14:19:54
2,200,88089835.0,2025-09-05 13:43:08
2,204,72012577.0,2025-09-06 07:58:55
2,208,118467296.0,2025-09-07 13:53:30
2,213,97572962.0,2025-09-08 13:40:15
2,215,90168806.0,2025-09-09 12:23:48
2,217,108869667.0,2025-09-10 18:52:02
2,220,27189017.0,2025-09-11 02:25:48
2,221,106865421.0,2025-09-12 08:01:26
2,222,78778274.0,2025-09-13 05:29:30
2,224,97554013.0,2025-09-14 07:51:16
2,220,87550164.0,2025-09-15 05:18:26
2,213,115251914.0,2025-09-16 12:08:46
2,208,96190381.0,2025-09-17 15:48:27
2,209,54102889.0,2025-09-18 07:23:33
2,210,102273127.0,2025-09-19 15:46:55
2,213,40073884.0,2025-09-20 03:31:03
2,218,107689775.0,2025-09-21 14:34:25
2,224,63482986.0,2025-09-22 10:12:17
2,223,55770026.0,2025-09-23 03:43:32
2,224,99757407.0,2025-09-24 14:35:57
2,223,61439500.0,2025-09-25 09:36:54
2,223,54446092.0,2025-09-26 02:39:27
2,222,101597949.0,2025-09-27 11:49:56
2,218,68918715.0,2025-09-28 08:04:12
2,219,74849008.0,2025-09-29 05:20:52
2,214,98974198.0,2025-09-30 09:50:43
2,210,96466853.0,2025-10-01 14:24:58
2,206,81447566.0,2025-10-02 14:20:12
2,203,66373926.0,2025-10-03 09:51:55
2,205,109051966.0,2025-10-04 18:12:29
2,205,37668303.0,2025-10-05 05:03:14
2,203,118373756.0,2025-10-06 15:41:31
2,201,62452933.0,2025-10-07 09:38:03
2,198,61571957.0,2025-10-08 03:09:53
2,197,78441764.0,2025-10-09 03:38:23
2,202,61523225.0,2025-10-10 04:43:58
2,205,132840813.0,2025-10-11 20:42:19
2,206,80009190.0,2025-10-12 19:01:12
2,206,55799806.0,2025-10-13 10:51:42
2,205,70726941.0,2025-10-14 05:59:17
2,205,94866149.0,2025-10-15 16:50:04
2,205,39118093.0,2025-10-16 06:19:27
2,204,82758259.0,2025-10-17 08:40:52
2,202,84893043.0,2025-10-18 09:11:05
2,200,88658083.0,2025-10-19 09:33:19
2,197,113249263.0,2025-10-20 17:53:30
2,195,55807933.0,2025-10-21 09:04:43
2,193,117457049.0,2025-10-22 20:10:19
2,193,56096375.0,2025-10-23 12:58:49
2,192,105904835.0,2025-10-24 18:50:53
2,195,55758968.0,2025-10-25 10:09:30
2,198,96316309.0,2025-10-26 11:15:13
2,201,78371037.0,2025-10-27 07:00:16
2,202,133013358.0,2025-10-28 18:21:48
2,203,53544302.0,2025-10-29 08:37:41
2,204,69333869.0,2025-10-30 06:31:12
2,204,128423329.0,2025-10-31 16:34:27
2,204,111402887.0,2025-11-01 21:07:42
2,205,99274990.0,2025-11-02 20:45:29
2,208,53006284.0,2025-11-03 09:44:54
2,209,99319112.0,2025-11-04 11:49:17
2,216,85866931.0,2025-11-05 05:11:05
2,219,148624669.0,2025-11-06 20:05:37
2,220,59523612.0,2025-11-07 12:31:54
2,222,60965521.0,2025-11-08 04:06:58
2,228,151916446.0,2025-11-09 19:21:26
2,230,60280329.0,2025-11-10 09:31:50
2,229,98548450.0,2025-11-11 08:31:40
2,229,92720564.0,2025-11-12 06:28:01
2,231,94686055.0,2025-11-13 08:20:33
2,233,93484322.0,2025-11-14 07:47:15
2,234,87691864.0,2025-11-15 06:03:34
2,240,74842352.0,2025-11-16 03:12:10
2,249,123478818.0,2025-11-17 16:24:10
2,261,49101059.0,2025-11-18 05:53:27
2,264,117791821.0,2025-11-19 15:46:34
2,250,74391161.0,2025-11-20 13:30:12
2,237,71922144.0,2025-11-21 11:39:42
2,228,119170997.0,2025-11-22 17:58:00
2,225,72005795.0,2025-11-23 12:40:36
2,226,105234777.0,2025-11-24 16:05:30
2,231,74162379.0,2025-11-25 12:08:37
2,229,87800024.0,2025-11-26 12:27:39
2,230,84749981.0,2025-11-27 12:31:41
2,231,75443438.0,2025-11-28 08:17:16
2,231,69642127.0,2025-11-29 02:00:11
2,233,107618544.0,2025-11-30 04:50:21
2,236,161769257.0,2025-12-01 21:32:48
2,231,87841989.0,2025-12-02 21:37:21
2,228,85917819.0,2025-12-03 21:46:46
2,230,94363878.0,2025-12-04 20:53:55
2,232,77692233.0,2025-12-05 15:11:57
2,231,76881843.0,2025-12-06 08:20:31
2,231,168585946.0,2025-12-07 20:03:57
2,230,112464874.0,2025-12-08 20:59:58
2,231,85906217.0,2025-12-09 17:03:35
2,228,74256553.0,2025-12-10 08:23:02
2,226,83045552.0,2025-12-11 05:37:50
2,225,121036291.0,2025-12-12 09:51:09
2,227,158414534.0,2025-12-13 21:53:47
2,230,31381722.0,2025-12-14 04:47:23
2,233,170996354.0,2025-12-15 18:48:50
2,233,43558688.0,2025-12-16 03:56:09
2,229,165981137.0,2025-12-17 18:30:13
2,221,105424845.0,2025-12-18 17:01:02
2,215,74876787.0,2025-12-19 08:56:42
2,208,107263132.0,2025-12-20 09:10:45
2,200,151761380.0,2025-12-21 17:15:53
2,196,67819448.0,2025-12-22 06:14:58
2,196,184793102.0,2025-12-23 20:32:26
2,201,84863886.0,2025-12-24 15:14:49
2,206,106279867.0,2025-12-25 15:02:04
2,212,107859054.0,2025-12-26 14:32:53
2,215,124025970.0,2025-12-27 15:13:35
2,215,149953834.0,2025-12-28 19:34:13
2,215,99741654.0,2025-12-29 15:38:48
2,216,95924668.0,2025-12-30 10:34:39
2,216,113451617.0,2025-12-31 08:35:25
2,217,148578681.0,2026-01-01 14:12:44
2,218,95293696.0,2026-01-02 08:12:35
2,219,133136147.0,2026-01-03 08:38:08
2,219,206568158.0,2026-01-04 21:36:01
2,219,135655402.0,2026-01-05 21:43:35
2,219,56212136.0,2026-01-06 07:18:32
2,218,120355746.0,2026-01-07 04:50:47
2,216,167296324.0,2026-01-08 14:44:48
2,216,5151036.0,2026-01-08 15:47:15
2,216,2365296.0,2026-01-08 16:14:44
2,214,107259066.0,2026-01-09 11:22:20
2,212,171528251.0,2026-01-10 18:02:28
2,212,142578027.0,2026-01-11 18:18:53
2,211,65341076.0,2026-01-12 04:41:33
2,211,188594230.0,2026-01-13 14:02:41
2,211,84508799.0,2026-01-14 04:54:12
2,213,186197331.0,2026-01-15 21:22:56
2,217,23694705.0,2026-01-16 02:02:02
2,218,231650339.0,2026-01-17 21:37:04
2,223,101102696.0,2026-01-18 15:33:15
2,226,72325696.0,2026-01-19 04:24:09
2,226,154954738.0,2026-01-20 12:27:29
2,222,144357607.0,2026-01-21 21:31:20
2,215,63709249.0,2026-01-22 11:55:29
2,214,83586183.0,2026-01-23 06:01:31
2,213,95928676.0,2026-01-24 05:06:18
2,213,139647655.0,2026-01-25 16:42:32
2,213,57356027.0,2026-01-26 05:32:01
2,215,107616114.0,2026-01-27 11:57:42
2,214,86958250.0,2026-01-28 16:46:08
2,216,24412266.0,2026-01-29 05:35:29
2,219,62679698.0,2026-01-30 13:27:17
2,217,62882932.0,2026-01-31 16:44:33
2,216,56334105.0,2026-02-01 14:56:42
2,215,47894590.0,2026-02-02 07:27:51
2,215,45746372.0,2026-02-03 02:51:21
